Time,Source IP,Destination IP,Protocol,Packet Size,Source Port,Destination Port,Service
22:12:42,192.168.0.1,239.255.255.250,Other,46,-,-,-
22:12:42,192.168.0.1,224.0.0.1,Other,46,-,-,-
22:12:43,192.168.0.112,224.0.0.252,Other,46,-,-,-
22:12:43,192.168.0.112,224.0.0.251,Other,46,-,-,-
22:12:43,192.168.0.1,224.0.0.1,Other,42,-,-,-
22:12:43,192.168.0.112,20.189.173.9,TCP,66,62980,443,HTTPS
22:12:43,192.168.0.112,20.189.173.9,TCP,66,59327,443,HTTPS
22:12:43,20.189.173.9,192.168.0.112,TCP,66,443,62980,HTTPS
22:12:43,192.168.0.112,20.189.173.9,TCP,54,62980,443,HTTPS
22:12:43,192.168.0.112,20.189.173.9,TCP,1466,62980,443,HTTPS
22:12:43,192.168.0.112,20.189.173.9,TCP,512,62980,443,HTTPS
22:12:43,192.168.0.112,224.0.0.252,Other,46,-,-,-
22:12:43,192.168.0.112,224.0.0.251,Other,46,-,-,-
22:12:43,192.168.0.112,239.255.255.250,Other,46,-,-,-
22:12:43,192.168.0.112,18.97.36.79,TCP,294,55459,443,HTTPS
22:12:43,20.189.173.9,192.168.0.112,TCP,66,443,59327,HTTPS
22:12:43,192.168.0.112,20.189.173.9,TCP,54,59327,443,HTTPS
22:12:43,192.168.0.112,20.189.173.9,TCP,1466,59327,443,HTTPS
22:12:43,192.168.0.112,20.189.173.9,TCP,480,59327,443,HTTPS
22:12:43,20.189.173.9,192.168.0.112,TCP,54,443,62980,HTTPS
22:12:43,20.189.173.9,192.168.0.112,TCP,153,443,62980,HTTPS
22:12:43,192.168.0.112,20.189.173.9,TCP,770,62980,443,HTTPS
22:12:44,18.97.36.79,192.168.0.112,TCP,64,443,55459,HTTPS
22:12:44,20.189.173.9,192.168.0.112,TCP,54,443,59327,HTTPS
22:12:44,18.97.36.79,192.168.0.112,TCP,176,443,55459,HTTPS
22:12:44,20.189.173.9,192.168.0.112,TCP,1466,443,62980,HTTPS
22:12:44,20.189.173.9,192.168.0.112,TCP,1466,443,62980,HTTPS
22:12:44,192.168.0.112,20.189.173.9,TCP,54,62980,443,HTTPS
22:12:44,20.189.173.9,192.168.0.112,TCP,1466,443,62980,HTTPS
22:12:44,20.189.173.9,192.168.0.112,TCP,1466,443,62980,HTTPS
22:12:44,20.189.173.9,192.168.0.112,TCP,664,443,62980,HTTPS
22:12:44,192.168.0.112,20.189.173.9,TCP,54,62980,443,HTTPS
22:12:44,192.168.0.112,20.189.173.9,TCP,128,62980,443,HTTPS
22:12:44,192.168.0.112,20.189.173.9,TCP,146,62980,443,HTTPS
22:12:44,192.168.0.112,20.189.173.9,TCP,481,62980,443,HTTPS
22:12:44,192.168.0.112,20.189.173.9,TCP,1466,62980,443,HTTPS
22:12:44,192.168.0.112,20.189.173.9,TCP,1466,62980,443,HTTPS
22:12:44,192.168.0.112,20.189.173.9,TCP,138,62980,443,HTTPS
22:12:44,192.168.0.112,18.97.36.79,TCP,54,55459,443,HTTPS
22:12:44,20.189.173.9,192.168.0.112,TCP,153,443,59327,HTTPS
22:12:44,192.168.0.112,20.189.173.9,TCP,738,59327,443,HTTPS
22:12:44,20.189.173.9,192.168.0.112,TCP,60,443,62980,HTTPS
22:12:44,20.189.173.9,192.168.0.112,TCP,157,443,62980,HTTPS
22:12:44,20.189.173.9,192.168.0.112,TCP,116,443,62980,HTTPS
22:12:44,20.189.173.9,192.168.0.112,TCP,85,443,62980,HTTPS
22:12:44,192.168.0.112,20.189.173.9,TCP,54,62980,443,HTTPS
22:12:44,192.168.0.112,20.189.173.9,TCP,85,62980,443,HTTPS
22:12:44,20.189.173.9,192.168.0.112,TCP,60,443,62980,HTTPS
22:12:44,20.189.173.9,192.168.0.112,TCP,60,443,62980,HTTPS
22:12:44,20.189.173.9,192.168.0.112,TCP,1466,443,59327,HTTPS
22:12:44,20.189.173.9,192.168.0.112,TCP,1466,443,59327,HTTPS
22:12:44,20.189.173.9,192.168.0.112,TCP,1466,443,59327,HTTPS
22:12:44,192.168.0.112,20.189.173.9,TCP,66,59327,443,HTTPS
22:12:44,20.189.173.9,192.168.0.112,TCP,664,443,59327,HTTPS
22:12:44,192.168.0.112,20.189.173.9,TCP,66,59327,443,HTTPS
22:12:44,20.189.173.9,192.168.0.112,TCP,1466,443,59327,HTTPS
22:12:44,192.168.0.112,20.189.173.9,TCP,54,59327,443,HTTPS
22:12:44,192.168.0.112,20.189.173.9,TCP,128,59327,443,HTTPS
22:12:44,20.189.173.9,192.168.0.112,TCP,461,443,62980,HTTPS
22:12:44,20.189.173.9,192.168.0.112,TCP,60,443,62980,HTTPS
22:12:44,192.168.0.112,20.189.173.9,TCP,54,62980,443,HTTPS
22:12:44,20.189.173.9,192.168.0.112,TCP,157,443,59327,HTTPS
22:12:44,20.189.173.9,192.168.0.112,TCP,116,443,59327,HTTPS
22:12:44,192.168.0.112,20.189.173.9,TCP,54,59327,443,HTTPS
22:12:44,192.168.0.112,18.97.36.77,TCP,193,52718,443,HTTPS
22:12:44,192.168.0.112,18.97.36.79,TCP,194,55459,443,HTTPS
22:12:45,18.97.36.77,192.168.0.112,TCP,64,443,52718,HTTPS
22:12:45,18.97.36.79,192.168.0.112,TCP,64,443,55459,HTTPS
22:12:45,192.168.0.112,20.189.173.9,TCP,173,62980,443,HTTPS
22:12:45,192.168.0.112,20.189.173.9,TCP,1466,62980,443,HTTPS
22:12:45,192.168.0.112,20.189.173.9,TCP,1466,62980,443,HTTPS
22:12:45,192.168.0.112,20.189.173.9,TCP,1466,62980,443,HTTPS
22:12:45,192.168.0.112,20.189.173.9,TCP,1466,62980,443,HTTPS
22:12:45,192.168.0.112,20.189.173.9,TCP,1466,62980,443,HTTPS
22:12:45,192.168.0.112,20.189.173.9,TCP,1466,62980,443,HTTPS
22:12:45,192.168.0.112,20.189.173.9,TCP,1466,62980,443,HTTPS
22:12:45,192.168.0.112,20.189.173.9,TCP,273,62980,443,HTTPS
22:12:45,20.189.173.9,192.168.0.112,TCP,60,443,62980,HTTPS
22:12:45,20.189.173.9,192.168.0.112,TCP,60,443,62980,HTTPS
22:12:45,20.189.173.9,192.168.0.112,TCP,60,443,62980,HTTPS
22:12:45,20.189.173.9,192.168.0.112,TCP,60,443,62980,HTTPS
22:12:45,20.189.173.9,192.168.0.112,TCP,60,443,62980,HTTPS
22:12:45,20.189.173.9,192.168.0.112,TCP,185,443,62980,HTTPS
22:12:45,192.168.0.112,20.189.173.9,TCP,54,62980,443,HTTPS
22:12:46,192.168.0.112,20.189.173.9,TCP,54,59327,443,HTTPS
22:12:46,192.168.0.112,20.189.173.9,TCP,54,62980,443,HTTPS
22:12:46,192.168.0.112,20.189.173.9,TCP,54,59327,443,HTTPS
22:12:46,192.168.0.112,20.189.173.9,TCP,54,62980,443,HTTPS
22:12:46,192.168.0.112,142.250.186.234,TCP,55,52218,443,HTTPS
22:12:47,20.189.173.9,192.168.0.112,TCP,54,443,62980,HTTPS
22:12:47,20.189.173.9,192.168.0.112,TCP,54,443,59327,HTTPS
22:12:47,192.168.0.112,20.189.173.9,TCP,54,62980,443,HTTPS
22:12:47,142.250.186.234,192.168.0.112,TCP,70,443,52218,HTTPS
22:12:47,192.168.0.112,192.168.0.1,UDP,93,57963,53,DNS
22:12:47,192.168.0.112,192.168.0.1,UDP,93,57829,53,DNS
22:12:47,20.189.173.9,192.168.0.112,TCP,54,443,62980,HTTPS
22:12:47,20.189.173.9,192.168.0.112,TCP,54,443,59327,HTTPS
22:12:47,20.189.173.9,192.168.0.112,TCP,60,443,62980,HTTPS
22:12:47,192.168.0.112,20.189.173.9,TCP,54,62980,443,HTTPS
22:12:47,192.168.0.1,192.168.0.112,UDP,265,53,57963,DNS
22:12:47,192.168.0.1,192.168.0.112,UDP,219,53,57829,DNS
22:12:47,192.168.0.112,20.50.73.8,TCP,66,50668,443,HTTPS
22:12:47,20.50.73.8,192.168.0.112,TCP,66,443,50668,HTTPS
22:12:47,192.168.0.112,20.50.73.8,TCP,54,50668,443,HTTPS
22:12:47,192.168.0.112,20.50.73.8,TCP,66,49268,443,HTTPS
22:12:47,192.168.0.112,20.50.73.8,TCP,1466,50668,443,HTTPS
22:12:47,192.168.0.112,20.50.73.8,TCP,544,50668,443,HTTPS
22:12:48,20.50.73.8,192.168.0.112,TCP,66,443,49268,HTTPS
22:12:48,20.50.73.8,192.168.0.112,TCP,54,443,50668,HTTPS
22:12:48,20.50.73.8,192.168.0.112,TCP,153,443,50668,HTTPS
22:12:48,192.168.0.112,20.50.73.8,TCP,54,49268,443,HTTPS
22:12:48,192.168.0.112,20.50.73.8,TCP,802,50668,443,HTTPS
22:12:48,192.168.0.112,20.50.73.8,TCP,1466,49268,443,HTTPS
22:12:48,192.168.0.112,20.50.73.8,TCP,576,49268,443,HTTPS
22:12:48,20.50.73.8,192.168.0.112,TCP,54,443,49268,HTTPS
22:12:48,20.50.73.8,192.168.0.112,TCP,153,443,49268,HTTPS
22:12:48,20.50.73.8,192.168.0.112,TCP,1466,443,50668,HTTPS
22:12:48,20.50.73.8,192.168.0.112,TCP,1466,443,50668,HTTPS
22:12:48,20.50.73.8,192.168.0.112,TCP,665,443,50668,HTTPS
22:12:48,192.168.0.112,20.50.73.8,TCP,66,50668,443,HTTPS
22:12:48,192.168.0.112,20.50.73.8,TCP,74,50668,443,HTTPS
22:12:48,192.168.0.112,20.50.73.8,TCP,74,50668,443,HTTPS
22:12:48,20.50.73.8,192.168.0.112,TCP,1466,443,50668,HTTPS
22:12:48,20.50.73.8,192.168.0.112,TCP,1466,443,50668,HTTPS
22:12:48,192.168.0.112,20.50.73.8,TCP,66,50668,443,HTTPS
22:12:48,192.168.0.112,20.50.73.8,TCP,54,50668,443,HTTPS
22:12:48,192.168.0.112,20.50.73.8,TCP,834,49268,443,HTTPS
22:12:48,192.168.0.112,142.251.38.10,TCP,55,65513,443,HTTPS
22:12:48,192.168.0.112,20.50.73.8,TCP,128,50668,443,HTTPS
22:12:48,192.168.0.112,20.50.73.8,TCP,146,50668,443,HTTPS
22:12:48,192.168.0.112,20.50.73.8,TCP,481,50668,443,HTTPS
22:12:48,192.168.0.112,20.50.73.8,TCP,1466,50668,443,HTTPS
22:12:48,192.168.0.112,20.50.73.8,TCP,1466,50668,443,HTTPS
22:12:48,192.168.0.112,20.50.73.8,TCP,1466,50668,443,HTTPS
22:12:48,192.168.0.112,20.50.73.8,TCP,1466,50668,443,HTTPS
22:12:48,192.168.0.112,20.50.73.8,TCP,1466,50668,443,HTTPS
22:12:48,192.168.0.112,20.50.73.8,TCP,1466,50668,443,HTTPS
22:12:48,192.168.0.112,20.50.73.8,TCP,246,50668,443,HTTPS
22:12:48,142.251.38.10,192.168.0.112,TCP,66,443,65513,HTTPS
22:12:48,20.50.73.8,192.168.0.112,TCP,1466,443,50668,HTTPS
22:12:48,20.50.73.8,192.168.0.112,TCP,1466,443,49268,HTTPS
22:12:48,20.50.73.8,192.168.0.112,TCP,1466,443,49268,HTTPS
22:12:48,20.50.73.8,192.168.0.112,TCP,1466,443,49268,HTTPS
22:12:48,20.50.73.8,192.168.0.112,TCP,1466,443,49268,HTTPS
22:12:48,20.50.73.8,192.168.0.112,TCP,665,443,49268,HTTPS
22:12:48,20.50.73.8,192.168.0.112,TCP,157,443,50668,HTTPS
22:12:48,20.50.73.8,192.168.0.112,TCP,116,443,50668,HTTPS
22:12:48,20.50.73.8,192.168.0.112,TCP,60,443,50668,HTTPS
22:12:48,20.50.73.8,192.168.0.112,TCP,60,443,50668,HTTPS
22:12:48,20.50.73.8,192.168.0.112,TCP,461,443,50668,HTTPS
22:12:48,192.168.0.112,20.50.73.8,TCP,66,50668,443,HTTPS
22:12:48,192.168.0.112,20.50.73.8,TCP,66,50668,443,HTTPS
22:12:48,192.168.0.112,20.50.73.8,TCP,54,49268,443,HTTPS
22:12:48,20.50.73.8,192.168.0.112,TCP,60,443,50668,HTTPS
22:12:48,20.50.73.8,192.168.0.112,TCP,60,443,50668,HTTPS
22:12:48,20.50.73.8,192.168.0.112,TCP,60,443,50668,HTTPS
22:12:48,20.50.73.8,192.168.0.112,TCP,85,443,50668,HTTPS
22:12:48,20.50.73.8,192.168.0.112,TCP,60,443,50668,HTTPS
22:12:48,192.168.0.112,20.50.73.8,TCP,54,50668,443,HTTPS
22:12:48,192.168.0.112,20.50.73.8,TCP,85,50668,443,HTTPS
22:12:48,192.168.0.112,20.50.73.8,TCP,128,49268,443,HTTPS
22:12:48,192.168.0.112,142.251.155.119,UDP,71,54353,443,HTTPS
22:12:48,192.168.0.112,142.251.155.119,UDP,71,62227,443,HTTPS
22:12:49,142.251.155.119,192.168.0.112,UDP,70,443,62227,HTTPS
22:12:49,142.251.155.119,192.168.0.112,UDP,70,443,54353,HTTPS
22:12:49,20.50.73.8,192.168.0.112,TCP,157,443,49268,HTTPS
22:12:49,20.50.73.8,192.168.0.112,TCP,116,443,49268,HTTPS
22:12:49,20.50.73.8,192.168.0.112,TCP,60,443,50668,HTTPS
22:12:49,192.168.0.112,20.50.73.8,TCP,54,49268,443,HTTPS
22:12:49,192.168.0.1,239.255.255.250,Other,46,-,-,-
22:12:49,192.168.0.112,34.54.84.110,TCP,55,57854,443,HTTPS
22:12:49,192.168.0.112,20.50.73.8,TCP,168,50668,443,HTTPS
22:12:49,192.168.0.112,20.50.73.8,TCP,1466,50668,443,HTTPS
22:12:49,192.168.0.112,20.50.73.8,TCP,1466,50668,443,HTTPS
22:12:49,192.168.0.112,20.50.73.8,TCP,1466,50668,443,HTTPS
22:12:49,192.168.0.112,20.50.73.8,TCP,1466,50668,443,HTTPS
22:12:49,192.168.0.112,20.50.73.8,TCP,1466,50668,443,HTTPS
22:12:49,192.168.0.112,20.50.73.8,TCP,1466,50668,443,HTTPS
22:12:49,192.168.0.112,20.50.73.8,TCP,246,50668,443,HTTPS
22:12:50,34.54.84.110,192.168.0.112,TCP,66,443,57854,HTTPS
22:12:50,20.50.73.8,192.168.0.112,TCP,185,443,50668,HTTPS
22:12:50,20.50.73.8,192.168.0.112,TCP,60,443,50668,HTTPS
22:12:50,20.50.73.8,192.168.0.112,TCP,60,443,50668,HTTPS
22:12:50,20.50.73.8,192.168.0.112,TCP,60,443,50668,HTTPS
22:12:50,20.50.73.8,192.168.0.112,TCP,60,443,50668,HTTPS
22:12:50,20.50.73.8,192.168.0.112,TCP,60,443,50668,HTTPS
22:12:50,192.168.0.112,20.50.73.8,TCP,54,50668,443,HTTPS
22:12:50,20.50.73.8,192.168.0.112,TCP,60,443,50668,HTTPS
22:12:50,192.168.0.112,142.250.186.234,TCP,55,55470,443,HTTPS
22:12:50,142.250.186.234,192.168.0.112,TCP,70,443,55470,HTTPS
22:12:50,192.168.0.112,216.239.36.223,TCP,55,65521,443,HTTPS
22:12:51,216.239.36.223,192.168.0.112,TCP,66,443,65521,HTTPS
22:12:51,192.168.0.112,20.50.73.8,TCP,167,50668,443,HTTPS
22:12:51,192.168.0.112,20.50.73.8,TCP,1466,50668,443,HTTPS
22:12:51,192.168.0.112,20.50.73.8,TCP,1466,50668,443,HTTPS
22:12:51,192.168.0.112,20.50.73.8,TCP,1466,50668,443,HTTPS
22:12:51,192.168.0.112,20.50.73.8,TCP,1466,50668,443,HTTPS
22:12:51,192.168.0.112,20.50.73.8,TCP,1466,50668,443,HTTPS
22:12:51,192.168.0.112,20.50.73.8,TCP,1466,50668,443,HTTPS
22:12:51,192.168.0.112,20.50.73.8,TCP,246,50668,443,HTTPS
22:12:52,20.50.73.8,192.168.0.112,TCP,185,443,50668,HTTPS
22:12:52,20.50.73.8,192.168.0.112,TCP,60,443,50668,HTTPS
22:12:52,192.168.0.112,20.50.73.8,TCP,54,50668,443,HTTPS
22:12:52,20.50.73.8,192.168.0.112,TCP,60,443,50668,HTTPS
22:12:52,20.50.73.8,192.168.0.112,TCP,60,443,50668,HTTPS
22:12:52,20.50.73.8,192.168.0.112,TCP,60,443,50668,HTTPS
22:12:52,192.168.0.112,20.50.73.8,TCP,54,50668,443,HTTPS
22:12:52,192.168.0.112,20.50.73.8,TCP,54,50668,443,HTTPS
22:12:52,172.64.148.235,192.168.0.112,TCP,82,443,54252,HTTPS
22:12:52,192.168.0.112,172.64.148.235,TCP,82,54252,443,HTTPS
22:12:52,172.64.148.235,192.168.0.112,TCP,64,443,54252,HTTPS
22:12:52,192.168.0.112,157.240.227.60,TCP,124,64368,443,HTTPS
22:12:52,157.240.227.60,192.168.0.112,TCP,60,443,64368,HTTPS
22:12:53,157.240.227.60,192.168.0.112,TCP,126,443,64368,HTTPS
22:12:53,192.168.0.112,157.240.227.60,TCP,54,64368,443,HTTPS
22:12:54,192.168.0.112,20.50.73.8,TCP,172,50668,443,HTTPS
22:12:54,192.168.0.112,20.50.73.8,TCP,1466,50668,443,HTTPS
22:12:54,192.168.0.112,20.50.73.8,TCP,1466,50668,443,HTTPS
22:12:54,192.168.0.112,20.50.73.8,TCP,1466,50668,443,HTTPS
22:12:54,192.168.0.112,20.50.73.8,TCP,1466,50668,443,HTTPS
22:12:54,192.168.0.112,20.50.73.8,TCP,1466,50668,443,HTTPS
22:12:54,192.168.0.112,20.50.73.8,TCP,219,50668,443,HTTPS
22:12:54,20.50.73.8,192.168.0.112,TCP,60,443,50668,HTTPS
22:12:54,20.50.73.8,192.168.0.112,TCP,185,443,50668,HTTPS
22:12:54,20.50.73.8,192.168.0.112,TCP,60,443,50668,HTTPS
22:12:54,20.50.73.8,192.168.0.112,TCP,60,443,50668,HTTPS
22:12:54,20.50.73.8,192.168.0.112,TCP,60,443,50668,HTTPS
22:12:54,20.50.73.8,192.168.0.112,TCP,60,443,50668,HTTPS
22:12:54,20.50.73.8,192.168.0.112,TCP,60,443,50668,HTTPS
22:12:54,192.168.0.112,20.50.73.8,TCP,89,50668,443,HTTPS
22:12:54,20.50.73.8,192.168.0.112,TCP,60,443,50668,HTTPS
22:12:56,192.168.0.112,20.50.73.8,TCP,172,50668,443,HTTPS
22:12:56,192.168.0.112,20.50.73.8,TCP,1466,50668,443,HTTPS
22:12:56,192.168.0.112,20.50.73.8,TCP,1466,50668,443,HTTPS
22:12:56,192.168.0.112,20.50.73.8,TCP,1466,50668,443,HTTPS
22:12:56,192.168.0.112,20.50.73.8,TCP,165,50668,443,HTTPS
22:12:56,192.168.0.112,20.50.73.8,TCP,54,49268,443,HTTPS
22:12:56,20.50.73.8,192.168.0.112,TCP,60,443,50668,HTTPS
22:12:56,20.50.73.8,192.168.0.112,TCP,60,443,50668,HTTPS
22:12:56,20.50.73.8,192.168.0.112,TCP,185,443,50668,HTTPS
22:12:56,192.168.0.112,20.50.73.8,TCP,54,50668,443,HTTPS
22:12:56,20.50.73.8,192.168.0.112,TCP,54,443,49268,HTTPS
22:12:58,192.168.0.112,20.50.73.8,TCP,172,50668,443,HTTPS
22:12:58,192.168.0.112,20.50.73.8,TCP,1466,50668,443,HTTPS
22:12:58,192.168.0.112,20.50.73.8,TCP,1466,50668,443,HTTPS
22:12:58,192.168.0.112,20.50.73.8,TCP,1466,50668,443,HTTPS
22:12:58,192.168.0.112,20.50.73.8,TCP,1466,50668,443,HTTPS
22:12:58,192.168.0.112,20.50.73.8,TCP,192,50668,443,HTTPS
22:12:58,20.50.73.8,192.168.0.112,TCP,60,443,50668,HTTPS
22:12:58,20.50.73.8,192.168.0.112,TCP,60,443,50668,HTTPS
22:12:58,20.50.73.8,192.168.0.112,TCP,185,443,50668,HTTPS
22:12:58,192.168.0.112,20.50.73.8,TCP,54,50668,443,HTTPS
22:13:00,172.64.148.235,192.168.0.112,TCP,82,443,53433,HTTPS
22:13:00,192.168.0.112,172.64.148.235,TCP,82,53433,443,HTTPS
22:13:00,172.64.148.235,192.168.0.112,TCP,64,443,53433,HTTPS
22:13:00,65.2.117.88,192.168.0.112,TCP,93,443,65508,HTTPS
22:13:00,192.168.0.112,65.2.117.88,TCP,54,65508,443,HTTPS
22:13:00,192.168.0.112,20.50.73.8,TCP,167,50668,443,HTTPS
22:13:00,192.168.0.112,20.50.73.8,TCP,1466,50668,443,HTTPS
22:13:00,192.168.0.112,20.50.73.8,TCP,1466,50668,443,HTTPS
22:13:00,192.168.0.112,20.50.73.8,TCP,1466,50668,443,HTTPS
22:13:00,192.168.0.112,20.50.73.8,TCP,165,50668,443,HTTPS
22:13:00,65.2.117.88,192.168.0.112,TCP,78,443,65508,HTTPS
22:13:00,192.168.0.112,65.2.117.88,TCP,54,65508,443,HTTPS
22:13:00,65.2.117.88,192.168.0.112,TCP,54,443,65508,HTTPS
22:13:00,192.168.0.112,157.240.227.60,TCP,124,64368,443,HTTPS
22:13:00,20.50.73.8,192.168.0.112,TCP,60,443,50668,HTTPS
22:13:00,20.50.73.8,192.168.0.112,TCP,60,443,50668,HTTPS
22:13:00,20.50.73.8,192.168.0.112,TCP,185,443,50668,HTTPS
22:13:00,192.168.0.112,20.50.73.8,TCP,89,50668,443,HTTPS
22:13:00,157.240.227.60,192.168.0.112,TCP,60,443,64368,HTTPS
22:13:01,192.168.0.112,142.251.168.188,TCP,55,56714,443,HTTPS
22:13:01,157.240.227.60,192.168.0.112,TCP,126,443,64368,HTTPS
22:13:01,20.50.73.8,192.168.0.112,TCP,60,443,50668,HTTPS
22:13:01,192.168.0.112,157.240.227.60,TCP,54,64368,443,HTTPS
22:13:01,142.251.168.188,192.168.0.112,TCP,66,443,56714,HTTPS
22:13:02,192.168.0.112,142.250.186.234,TCP,55,52218,443,HTTPS
22:13:02,142.250.186.234,192.168.0.112,TCP,70,443,52218,HTTPS
22:13:02,192.168.0.112,20.50.73.8,TCP,167,50668,443,HTTPS
22:13:02,192.168.0.112,20.50.73.8,TCP,1466,50668,443,HTTPS
22:13:02,192.168.0.112,20.50.73.8,TCP,1466,50668,443,HTTPS
22:13:02,192.168.0.112,20.50.73.8,TCP,1466,50668,443,HTTPS
22:13:02,192.168.0.112,20.50.73.8,TCP,1466,50668,443,HTTPS
22:13:02,192.168.0.112,20.50.73.8,TCP,192,50668,443,HTTPS
22:13:02,20.50.73.8,192.168.0.112,TCP,60,443,50668,HTTPS
22:13:02,20.50.73.8,192.168.0.112,TCP,60,443,50668,HTTPS
22:13:02,20.50.73.8,192.168.0.112,TCP,60,443,50668,HTTPS
22:13:02,20.50.73.8,192.168.0.112,TCP,185,443,50668,HTTPS
22:13:02,192.168.0.112,20.50.73.8,TCP,54,50668,443,HTTPS
22:13:03,192.168.0.112,142.251.38.10,TCP,55,65513,443,HTTPS
22:13:03,142.251.38.10,192.168.0.112,TCP,66,443,65513,HTTPS
22:13:04,192.168.0.112,20.50.73.8,TCP,167,50668,443,HTTPS
22:13:04,192.168.0.112,20.50.73.8,TCP,1466,50668,443,HTTPS
22:13:04,192.168.0.112,20.50.73.8,TCP,1466,50668,443,HTTPS
22:13:04,192.168.0.112,20.50.73.8,TCP,1466,50668,443,HTTPS
22:13:04,192.168.0.112,20.50.73.8,TCP,165,50668,443,HTTPS
22:13:05,20.50.73.8,192.168.0.112,TCP,60,443,50668,HTTPS
22:13:05,20.50.73.8,192.168.0.112,TCP,185,443,50668,HTTPS
22:13:05,20.50.73.8,192.168.0.112,TCP,60,443,50668,HTTPS
22:13:05,192.168.0.112,20.50.73.8,TCP,54,50668,443,HTTPS
22:13:05,192.168.0.112,142.250.186.234,TCP,55,55470,443,HTTPS
22:13:05,142.250.186.234,192.168.0.112,TCP,70,443,55470,HTTPS
22:13:06,192.168.0.112,216.239.36.223,TCP,55,65521,443,HTTPS
22:13:06,216.239.36.223,192.168.0.112,TCP,66,443,65521,HTTPS
22:13:06,192.168.0.112,20.50.73.8,TCP,54,50668,443,HTTPS
22:13:06,20.50.73.8,192.168.0.112,TCP,54,443,50668,HTTPS
22:13:06,192.168.0.112,20.50.73.8,TCP,54,50668,443,HTTPS
22:13:06,192.168.0.112,20.50.73.8,TCP,66,56323,443,HTTPS
22:13:07,192.168.0.112,20.50.73.8,TCP,66,63719,443,HTTPS
22:13:07,20.50.73.8,192.168.0.112,TCP,66,443,56323,HTTPS
22:13:07,192.168.0.112,20.50.73.8,TCP,54,56323,443,HTTPS
22:13:07,192.168.0.112,20.50.73.8,TCP,1466,56323,443,HTTPS
22:13:07,192.168.0.112,20.50.73.8,TCP,544,56323,443,HTTPS
22:13:07,20.50.73.8,192.168.0.112,TCP,66,443,63719,HTTPS
22:13:07,20.50.73.8,192.168.0.112,TCP,54,443,56323,HTTPS
22:13:07,20.50.73.8,192.168.0.112,TCP,153,443,56323,HTTPS
22:13:07,192.168.0.112,20.50.73.8,TCP,54,63719,443,HTTPS
22:13:07,192.168.0.112,20.50.73.8,TCP,1466,63719,443,HTTPS
22:13:07,192.168.0.112,20.50.73.8,TCP,576,63719,443,HTTPS
22:13:07,192.168.0.112,20.50.73.8,TCP,802,56323,443,HTTPS
22:13:07,20.50.73.8,192.168.0.112,TCP,54,443,63719,HTTPS
22:13:07,20.50.73.8,192.168.0.112,TCP,153,443,63719,HTTPS
22:13:07,192.168.0.112,20.50.73.8,TCP,834,63719,443,HTTPS
22:13:07,20.50.73.8,192.168.0.112,TCP,1466,443,56323,HTTPS
22:13:07,20.50.73.8,192.168.0.112,TCP,1466,443,56323,HTTPS
22:13:07,20.50.73.8,192.168.0.112,TCP,1466,443,56323,HTTPS
22:13:07,192.168.0.112,20.50.73.8,TCP,54,56323,443,HTTPS
22:13:07,20.50.73.8,192.168.0.112,TCP,1466,443,56323,HTTPS
22:13:07,192.168.0.112,20.50.73.8,TCP,54,56323,443,HTTPS
22:13:07,20.50.73.8,192.168.0.112,TCP,665,443,56323,HTTPS
22:13:07,192.168.0.112,20.50.73.8,TCP,128,56323,443,HTTPS
22:13:07,192.168.0.112,20.50.73.8,TCP,146,56323,443,HTTPS
22:13:07,192.168.0.112,20.50.73.8,TCP,481,56323,443,HTTPS
22:13:07,192.168.0.112,20.50.73.8,TCP,1466,56323,443,HTTPS
22:13:07,192.168.0.112,20.50.73.8,TCP,1466,56323,443,HTTPS
22:13:07,192.168.0.112,20.50.73.8,TCP,1466,56323,443,HTTPS
22:13:07,192.168.0.112,20.50.73.8,TCP,1466,56323,443,HTTPS
22:13:07,192.168.0.112,20.50.73.8,TCP,1466,56323,443,HTTPS
22:13:07,192.168.0.112,20.50.73.8,TCP,1466,56323,443,HTTPS
22:13:07,192.168.0.112,20.50.73.8,TCP,246,56323,443,HTTPS
22:13:08,20.50.73.8,192.168.0.112,TCP,157,443,56323,HTTPS
22:13:08,20.50.73.8,192.168.0.112,TCP,116,443,56323,HTTPS
22:13:08,20.50.73.8,192.168.0.112,TCP,60,443,56323,HTTPS
22:13:08,20.50.73.8,192.168.0.112,TCP,1466,443,63719,HTTPS
22:13:08,20.50.73.8,192.168.0.112,TCP,461,443,56323,HTTPS
22:13:08,20.50.73.8,192.168.0.112,TCP,85,443,56323,HTTPS
22:13:08,20.50.73.8,192.168.0.112,TCP,60,443,56323,HTTPS
22:13:08,20.50.73.8,192.168.0.112,TCP,1466,443,63719,HTTPS
22:13:08,20.50.73.8,192.168.0.112,TCP,665,443,63719,HTTPS
22:13:08,20.50.73.8,192.168.0.112,TCP,1466,443,63719,HTTPS
22:13:08,20.50.73.8,192.168.0.112,TCP,1466,443,63719,HTTPS
22:13:08,20.50.73.8,192.168.0.112,TCP,60,443,56323,HTTPS
22:13:08,192.168.0.112,20.50.73.8,TCP,66,56323,443,HTTPS
22:13:08,192.168.0.112,20.50.73.8,TCP,54,56323,443,HTTPS
22:13:08,192.168.0.112,20.50.73.8,TCP,66,63719,443,HTTPS
22:13:08,192.168.0.112,20.50.73.8,TCP,66,63719,443,HTTPS
22:13:08,192.168.0.112,20.50.73.8,TCP,54,63719,443,HTTPS
22:13:08,192.168.0.112,20.50.73.8,TCP,85,56323,443,HTTPS
22:13:08,192.168.0.112,20.50.73.8,TCP,128,63719,443,HTTPS
22:13:08,20.50.73.8,192.168.0.112,TCP,157,443,63719,HTTPS
22:13:08,20.50.73.8,192.168.0.112,TCP,116,443,63719,HTTPS
22:13:08,20.50.73.8,192.168.0.112,TCP,60,443,56323,HTTPS
22:13:08,192.168.0.112,20.50.73.8,TCP,54,63719,443,HTTPS
22:13:08,192.168.0.1,224.0.0.1,Other,46,-,-,-
22:13:08,192.168.0.1,239.255.255.250,Other,46,-,-,-
22:13:09,192.168.0.112,142.250.184.99,TCP,55,61743,443,HTTPS
22:13:09,54.255.165.35,192.168.0.112,TCP,60,80,53841,HTTP
22:13:09,192.168.0.1,239.255.255.250,Other,46,-,-,-
22:13:09,192.168.0.112,54.255.165.35,TCP,54,53841,80,HTTP
22:13:09,142.250.184.99,192.168.0.112,TCP,70,443,61743,HTTPS
22:13:09,192.168.0.112,224.0.0.252,Other,46,-,-,-
22:13:09,192.168.0.112,20.50.73.8,TCP,173,56323,443,HTTPS
22:13:09,192.168.0.112,20.50.73.8,TCP,1466,56323,443,HTTPS
22:13:09,192.168.0.112,20.50.73.8,TCP,1466,56323,443,HTTPS
22:13:09,192.168.0.112,20.50.73.8,TCP,1466,56323,443,HTTPS
22:13:09,192.168.0.112,20.50.73.8,TCP,1466,56323,443,HTTPS
22:13:09,192.168.0.112,20.50.73.8,TCP,1466,56323,443,HTTPS
22:13:09,192.168.0.112,20.50.73.8,TCP,1466,56323,443,HTTPS
22:13:09,192.168.0.112,20.50.73.8,TCP,1466,56323,443,HTTPS
22:13:09,192.168.0.112,20.50.73.8,TCP,273,56323,443,HTTPS
22:13:09,20.50.73.8,192.168.0.112,TCP,60,443,56323,HTTPS
22:13:09,20.50.73.8,192.168.0.112,TCP,185,443,56323,HTTPS
22:13:09,20.50.73.8,192.168.0.112,TCP,60,443,56323,HTTPS
22:13:09,20.50.73.8,192.168.0.112,TCP,60,443,56323,HTTPS
22:13:09,20.50.73.8,192.168.0.112,TCP,60,443,56323,HTTPS
22:13:09,20.50.73.8,192.168.0.112,TCP,60,443,56323,HTTPS
22:13:09,20.50.73.8,192.168.0.112,TCP,60,443,56323,HTTPS
22:13:09,192.168.0.112,20.50.73.8,TCP,54,56323,443,HTTPS
22:13:10,192.168.0.112,224.0.0.251,Other,46,-,-,-
22:13:10,54.169.5.36,192.168.0.112,TCP,60,80,53842,HTTP
22:13:10,192.168.0.112,54.169.5.36,TCP,54,53842,80,HTTP
22:13:11,192.168.0.112,20.50.73.8,TCP,172,56323,443,HTTPS
22:13:11,192.168.0.112,20.50.73.8,TCP,1466,56323,443,HTTPS
22:13:11,192.168.0.112,20.50.73.8,TCP,1466,56323,443,HTTPS
22:13:11,192.168.0.112,20.50.73.8,TCP,1466,56323,443,HTTPS
22:13:11,192.168.0.112,20.50.73.8,TCP,1466,56323,443,HTTPS
22:13:11,192.168.0.112,20.50.73.8,TCP,192,56323,443,HTTPS
22:13:11,20.50.73.8,192.168.0.112,TCP,60,443,56323,HTTPS
22:13:11,20.50.73.8,192.168.0.112,TCP,60,443,56323,HTTPS
22:13:11,20.50.73.8,192.168.0.112,TCP,60,443,56323,HTTPS
22:13:11,20.50.73.8,192.168.0.112,TCP,185,443,56323,HTTPS
22:13:11,192.168.0.112,20.50.73.8,TCP,54,56323,443,HTTPS
22:13:12,172.64.148.235,192.168.0.112,TCP,82,443,54252,HTTPS
22:13:12,192.168.0.112,172.64.148.235,TCP,82,54252,443,HTTPS
22:13:12,172.64.148.235,192.168.0.112,TCP,64,443,54252,HTTPS
22:13:13,192.168.0.112,20.50.73.8,TCP,172,56323,443,HTTPS
22:13:13,192.168.0.112,20.50.73.8,TCP,1466,56323,443,HTTPS
22:13:13,192.168.0.112,20.50.73.8,TCP,1466,56323,443,HTTPS
22:13:13,192.168.0.112,20.50.73.8,TCP,1466,56323,443,HTTPS
22:13:13,192.168.0.112,20.50.73.8,TCP,165,56323,443,HTTPS
22:13:13,20.50.73.8,192.168.0.112,TCP,60,443,56323,HTTPS
22:13:13,20.50.73.8,192.168.0.112,TCP,225,443,56323,HTTPS
22:13:13,20.50.73.8,192.168.0.112,TCP,60,443,56323,HTTPS
22:13:13,20.50.73.8,192.168.0.112,TCP,60,443,56323,HTTPS
22:13:13,192.168.0.112,20.50.73.8,TCP,89,56323,443,HTTPS
22:13:13,192.168.0.112,142.251.168.188,TCP,55,58110,5228,Unknown
22:13:14,20.50.73.8,192.168.0.112,TCP,60,443,56323,HTTPS
22:13:14,142.251.168.188,192.168.0.112,TCP,66,5228,58110,Unknown
22:13:14,18.97.36.77,192.168.0.112,TCP,82,443,52718,HTTPS
22:13:14,192.168.0.112,18.97.36.77,TCP,82,52718,443,HTTPS
22:13:15,18.97.36.77,192.168.0.112,TCP,64,443,52718,HTTPS
22:13:15,192.168.0.112,192.168.0.1,UDP,74,50865,53,DNS
22:13:15,192.168.0.112,192.168.0.1,UDP,74,56897,53,DNS
22:13:15,192.168.0.112,192.168.0.1,UDP,74,50514,53,DNS
22:13:15,192.168.0.112,192.168.0.1,UDP,74,61420,53,DNS
22:13:15,192.168.0.1,192.168.0.112,UDP,90,53,56897,DNS
22:13:15,192.168.0.1,192.168.0.112,UDP,90,53,61420,DNS
22:13:15,192.168.0.1,192.168.0.112,UDP,99,53,50514,DNS
22:13:15,192.168.0.112,142.251.155.119,UDP,71,62227,443,HTTPS
22:13:15,192.168.0.112,142.251.155.119,UDP,71,54353,443,HTTPS
22:13:15,142.251.155.119,192.168.0.112,UDP,70,443,62227,HTTPS
22:13:15,142.251.155.119,192.168.0.112,UDP,70,443,54353,HTTPS
22:13:15,192.168.0.112,20.50.73.8,TCP,172,56323,443,HTTPS
22:13:15,192.168.0.112,20.50.73.8,TCP,1466,56323,443,HTTPS
22:13:15,192.168.0.112,20.50.73.8,TCP,1466,56323,443,HTTPS
22:13:15,192.168.0.112,20.50.73.8,TCP,1466,56323,443,HTTPS
22:13:15,192.168.0.112,20.50.73.8,TCP,1466,56323,443,HTTPS
22:13:15,192.168.0.112,20.50.73.8,TCP,1466,56323,443,HTTPS
22:13:15,192.168.0.112,20.50.73.8,TCP,219,56323,443,HTTPS
22:13:15,20.50.73.8,192.168.0.112,TCP,60,443,56323,HTTPS
22:13:16,20.50.73.8,192.168.0.112,TCP,60,443,56323,HTTPS
22:13:16,20.50.73.8,192.168.0.112,TCP,60,443,56323,HTTPS
22:13:16,20.50.73.8,192.168.0.112,TCP,185,443,56323,HTTPS
22:13:16,192.168.0.112,20.50.73.8,TCP,54,56323,443,HTTPS
22:13:16,192.168.0.112,157.240.227.60,TCP,137,64368,443,HTTPS
22:13:16,192.168.0.112,157.240.227.60,TCP,119,64368,443,HTTPS
22:13:16,192.168.0.112,142.251.155.119,UDP,71,62227,443,HTTPS
22:13:16,192.168.0.112,20.50.73.8,TCP,54,63719,443,HTTPS
22:13:16,192.168.0.112,20.50.73.8,TCP,54,56323,443,HTTPS
22:13:16,157.240.227.60,192.168.0.112,TCP,60,443,64368,HTTPS
22:13:16,157.240.227.60,192.168.0.112,TCP,60,443,64368,HTTPS
22:13:16,142.251.155.119,192.168.0.112,UDP,70,443,62227,HTTPS
22:13:16,20.50.73.8,192.168.0.112,TCP,54,443,56323,HTTPS
22:13:16,20.50.73.8,192.168.0.112,TCP,54,443,63719,HTTPS
22:13:16,157.240.227.60,192.168.0.112,TCP,118,443,64368,HTTPS
22:13:16,192.168.0.112,20.50.73.8,TCP,54,56323,443,HTTPS
22:13:16,192.168.0.112,157.240.227.60,TCP,54,64368,443,HTTPS
22:13:17,192.168.0.112,142.251.155.119,UDP,71,62227,443,HTTPS
22:13:17,142.251.155.119,192.168.0.112,UDP,70,443,62227,HTTPS
22:13:17,192.168.0.112,142.250.186.234,TCP,55,52218,443,HTTPS
22:13:17,142.250.186.234,192.168.0.112,TCP,66,443,52218,HTTPS
22:13:17,192.168.0.112,119.8.160.175,TCP,55,63612,11111,Unknown
22:13:17,192.168.0.112,142.251.155.119,UDP,71,62227,443,HTTPS
22:13:17,119.8.160.175,192.168.0.112,TCP,66,11111,63612,Unknown
22:13:17,142.251.155.119,192.168.0.112,UDP,70,443,62227,HTTPS
22:13:17,192.168.0.112,20.50.73.8,TCP,66,57278,443,HTTPS
22:13:17,192.168.0.112,20.50.73.8,TCP,66,49739,443,HTTPS
22:13:17,20.50.73.8,192.168.0.112,TCP,66,443,57278,HTTPS
22:13:17,192.168.0.112,20.50.73.8,TCP,54,57278,443,HTTPS
22:13:17,192.168.0.112,20.50.73.8,TCP,1466,57278,443,HTTPS
22:13:17,192.168.0.112,20.50.73.8,TCP,544,57278,443,HTTPS
22:13:18,20.50.73.8,192.168.0.112,TCP,66,443,49739,HTTPS
22:13:18,20.50.73.8,192.168.0.112,TCP,54,443,57278,HTTPS
22:13:18,192.168.0.112,20.50.73.8,TCP,54,49739,443,HTTPS
22:13:18,192.168.0.112,20.50.73.8,TCP,1466,49739,443,HTTPS
22:13:18,192.168.0.112,20.50.73.8,TCP,544,49739,443,HTTPS
22:13:18,20.50.73.8,192.168.0.112,TCP,153,443,57278,HTTPS
22:13:18,192.168.0.112,20.50.73.8,TCP,802,57278,443,HTTPS
22:13:18,20.50.73.8,192.168.0.112,TCP,54,443,49739,HTTPS
22:13:18,20.50.73.8,192.168.0.112,TCP,153,443,49739,HTTPS
22:13:18,20.50.73.8,192.168.0.112,TCP,1466,443,57278,HTTPS
22:13:18,20.50.73.8,192.168.0.112,TCP,1466,443,57278,HTTPS
22:13:18,20.50.73.8,192.168.0.112,TCP,1466,443,57278,HTTPS
22:13:18,20.50.73.8,192.168.0.112,TCP,1466,443,57278,HTTPS
22:13:18,20.50.73.8,192.168.0.112,TCP,665,443,57278,HTTPS
22:13:18,192.168.0.112,20.50.73.8,TCP,54,57278,443,HTTPS
22:13:18,192.168.0.112,20.50.73.8,TCP,802,49739,443,HTTPS
22:13:18,192.168.0.112,20.50.73.8,TCP,128,57278,443,HTTPS
22:13:18,192.168.0.112,20.50.73.8,TCP,146,57278,443,HTTPS
22:13:18,192.168.0.112,20.50.73.8,TCP,482,57278,443,HTTPS
22:13:18,192.168.0.112,20.50.73.8,TCP,1466,57278,443,HTTPS
22:13:18,192.168.0.112,20.50.73.8,TCP,1466,57278,443,HTTPS
22:13:18,192.168.0.112,20.50.73.8,TCP,1466,57278,443,HTTPS
22:13:18,192.168.0.112,20.50.73.8,TCP,1466,57278,443,HTTPS
22:13:18,192.168.0.112,20.50.73.8,TCP,1466,57278,443,HTTPS
22:13:18,192.168.0.112,20.50.73.8,TCP,1466,57278,443,HTTPS
22:13:18,192.168.0.112,20.50.73.8,TCP,1466,57278,443,HTTPS
22:13:18,192.168.0.112,20.50.73.8,TCP,1466,57278,443,HTTPS
22:13:18,192.168.0.112,20.50.73.8,TCP,300,57278,443,HTTPS
22:13:18,192.168.0.112,142.251.38.10,TCP,55,65513,443,HTTPS
22:13:18,142.251.38.10,192.168.0.112,TCP,66,443,65513,HTTPS
22:13:18,20.50.73.8,192.168.0.112,TCP,1466,443,49739,HTTPS
22:13:18,20.50.73.8,192.168.0.112,TCP,1466,443,49739,HTTPS
22:13:18,20.50.73.8,192.168.0.112,TCP,1466,443,49739,HTTPS
22:13:18,20.50.73.8,192.168.0.112,TCP,1466,443,49739,HTTPS
22:13:18,20.50.73.8,192.168.0.112,TCP,665,443,49739,HTTPS
22:13:18,192.168.0.112,20.50.73.8,TCP,54,49739,443,HTTPS
22:13:18,192.168.0.112,20.50.73.8,TCP,128,49739,443,HTTPS
22:13:18,20.50.73.8,192.168.0.112,TCP,60,443,57278,HTTPS
22:13:18,20.50.73.8,192.168.0.112,TCP,157,443,57278,HTTPS
22:13:18,20.50.73.8,192.168.0.112,TCP,85,443,57278,HTTPS
22:13:18,20.50.73.8,192.168.0.112,TCP,60,443,57278,HTTPS
22:13:18,192.168.0.112,20.50.73.8,TCP,66,57278,443,HTTPS
22:13:18,20.50.73.8,192.168.0.112,TCP,60,443,57278,HTTPS
22:13:18,20.50.73.8,192.168.0.112,TCP,60,443,57278,HTTPS
22:13:18,20.50.73.8,192.168.0.112,TCP,60,443,57278,HTTPS
22:13:18,20.50.73.8,192.168.0.112,TCP,60,443,57278,HTTPS
22:13:18,20.50.73.8,192.168.0.112,TCP,461,443,57278,HTTPS
22:13:18,20.50.73.8,192.168.0.112,TCP,60,443,57278,HTTPS
22:13:18,20.50.73.8,192.168.0.112,TCP,60,443,57278,HTTPS
22:13:18,192.168.0.112,20.50.73.8,TCP,66,57278,443,HTTPS
22:13:18,20.50.73.8,192.168.0.112,TCP,116,443,57278,HTTPS
22:13:18,192.168.0.112,20.50.73.8,TCP,54,57278,443,HTTPS
22:13:18,192.168.0.112,20.50.73.8,TCP,85,57278,443,HTTPS
22:13:18,20.50.73.8,192.168.0.112,TCP,60,443,57278,HTTPS
22:13:18,192.168.0.112,20.50.73.8,TCP,54,57278,443,HTTPS
22:13:19,20.50.73.8,192.168.0.112,TCP,157,443,49739,HTTPS
22:13:19,20.50.73.8,192.168.0.112,TCP,116,443,49739,HTTPS
22:13:19,20.50.73.8,192.168.0.112,TCP,60,443,57278,HTTPS
22:13:19,192.168.0.112,20.50.73.8,TCP,54,49739,443,HTTPS
22:13:19,192.168.0.112,142.251.155.119,UDP,71,62227,443,HTTPS
22:13:19,142.251.155.119,192.168.0.112,UDP,70,443,62227,HTTPS
22:13:19,192.168.0.112,34.54.84.110,TCP,99,57854,443,HTTPS
22:13:19,34.54.84.110,192.168.0.112,TCP,60,443,57854,HTTPS
22:13:19,34.54.84.110,192.168.0.112,TCP,117,443,57854,HTTPS
22:13:19,34.54.84.110,192.168.0.112,TCP,1466,443,57854,HTTPS
22:13:19,192.168.0.112,34.54.84.110,TCP,54,57854,443,HTTPS
22:13:19,34.54.84.110,192.168.0.112,TCP,1466,443,57854,HTTPS
22:13:19,34.54.84.110,192.168.0.112,TCP,1466,443,57854,HTTPS
22:13:19,34.54.84.110,192.168.0.112,TCP,1466,443,57854,HTTPS
22:13:19,34.54.84.110,192.168.0.112,TCP,1466,443,57854,HTTPS
22:13:19,34.54.84.110,192.168.0.112,TCP,1466,443,57854,HTTPS
22:13:19,34.54.84.110,192.168.0.112,TCP,1466,443,57854,HTTPS
22:13:19,34.54.84.110,192.168.0.112,TCP,1466,443,57854,HTTPS
22:13:19,34.54.84.110,192.168.0.112,TCP,1466,443,57854,HTTPS
22:13:19,34.54.84.110,192.168.0.112,TCP,1466,443,57854,HTTPS
22:13:19,34.54.84.110,192.168.0.112,TCP,1466,443,57854,HTTPS
22:13:19,34.54.84.110,192.168.0.112,TCP,133,443,57854,HTTPS
22:13:19,192.168.0.112,34.54.84.110,TCP,66,57854,443,HTTPS
22:13:19,192.168.0.112,34.54.84.110,TCP,54,57854,443,HTTPS
22:13:19,192.168.0.112,34.54.84.110,TCP,54,57854,443,HTTPS
22:13:19,192.168.0.112,34.54.84.110,TCP,102,57854,443,HTTPS
22:13:19,192.168.0.112,34.54.84.110,TCP,102,57854,443,HTTPS
22:13:19,192.168.0.112,34.54.84.110,TCP,102,57854,443,HTTPS
22:13:19,34.54.84.110,192.168.0.112,TCP,1466,443,57854,HTTPS
22:13:19,34.54.84.110,192.168.0.112,TCP,1466,443,57854,HTTPS
22:13:19,34.54.84.110,192.168.0.112,TCP,1466,443,57854,HTTPS
22:13:19,192.168.0.112,34.54.84.110,TCP,66,57854,443,HTTPS
22:13:19,192.168.0.112,34.54.84.110,TCP,54,57854,443,HTTPS
22:13:19,192.168.0.112,34.54.84.110,TCP,66,57854,443,HTTPS
22:13:19,34.54.84.110,192.168.0.112,TCP,1466,443,57854,HTTPS
22:13:19,34.54.84.110,192.168.0.112,TCP,1466,443,57854,HTTPS
22:13:19,34.54.84.110,192.168.0.112,TCP,1466,443,57854,HTTPS
22:13:19,34.54.84.110,192.168.0.112,TCP,1466,443,57854,HTTPS
22:13:19,34.54.84.110,192.168.0.112,TCP,1466,443,57854,HTTPS
22:13:19,192.168.0.112,34.54.84.110,TCP,54,57854,443,HTTPS
22:13:19,192.168.0.112,34.54.84.110,TCP,66,57854,443,HTTPS
22:13:19,192.168.0.112,34.54.84.110,TCP,54,57854,443,HTTPS
22:13:19,192.168.0.112,34.54.84.110,TCP,66,57854,443,HTTPS
22:13:19,192.168.0.112,34.54.84.110,TCP,54,57854,443,HTTPS
22:13:19,34.54.84.110,192.168.0.112,TCP,1466,443,57854,HTTPS
22:13:19,192.168.0.112,34.54.84.110,TCP,54,57854,443,HTTPS
22:13:19,34.54.84.110,192.168.0.112,TCP,1466,443,57854,HTTPS
22:13:19,192.168.0.112,34.54.84.110,TCP,54,57854,443,HTTPS
22:13:19,34.54.84.110,192.168.0.112,TCP,1466,443,57854,HTTPS
22:13:19,192.168.0.112,34.54.84.110,TCP,66,57854,443,HTTPS
22:13:19,34.54.84.110,192.168.0.112,TCP,1466,443,57854,HTTPS
22:13:19,192.168.0.112,34.54.84.110,TCP,54,57854,443,HTTPS
22:13:19,192.168.0.112,34.54.84.110,TCP,102,57854,443,HTTPS
22:13:19,192.168.0.112,34.54.84.110,TCP,102,57854,443,HTTPS
22:13:19,192.168.0.112,34.54.84.110,TCP,102,57854,443,HTTPS
22:13:19,34.54.84.110,192.168.0.112,TCP,1466,443,57854,HTTPS
22:13:19,192.168.0.112,34.54.84.110,TCP,54,57854,443,HTTPS
22:13:19,34.54.84.110,192.168.0.112,TCP,1466,443,57854,HTTPS
22:13:19,192.168.0.112,34.54.84.110,TCP,54,57854,443,HTTPS
22:13:19,34.54.84.110,192.168.0.112,TCP,1466,443,57854,HTTPS
22:13:19,192.168.0.112,34.54.84.110,TCP,54,57854,443,HTTPS
22:13:19,34.54.84.110,192.168.0.112,TCP,1466,443,57854,HTTPS
22:13:19,192.168.0.112,34.54.84.110,TCP,66,57854,443,HTTPS
22:13:19,34.54.84.110,192.168.0.112,TCP,1466,443,57854,HTTPS
22:13:19,192.168.0.112,34.54.84.110,TCP,66,57854,443,HTTPS
22:13:19,34.54.84.110,192.168.0.112,TCP,60,443,57854,HTTPS
22:13:19,34.54.84.110,192.168.0.112,TCP,1466,443,57854,HTTPS
22:13:19,34.54.84.110,192.168.0.112,TCP,60,443,57854,HTTPS
22:13:19,34.54.84.110,192.168.0.112,TCP,1466,443,57854,HTTPS
22:13:19,34.54.84.110,192.168.0.112,TCP,60,443,57854,HTTPS
22:13:19,34.54.84.110,192.168.0.112,TCP,1466,443,57854,HTTPS
22:13:19,34.54.84.110,192.168.0.112,TCP,1466,443,57854,HTTPS
22:13:19,192.168.0.112,34.54.84.110,TCP,66,57854,443,HTTPS
22:13:19,192.168.0.112,34.54.84.110,TCP,66,57854,443,HTTPS
22:13:19,192.168.0.112,34.54.84.110,TCP,66,57854,443,HTTPS
22:13:19,192.168.0.112,34.54.84.110,TCP,66,57854,443,HTTPS
22:13:19,34.54.84.110,192.168.0.112,TCP,1466,443,57854,HTTPS
22:13:19,34.54.84.110,192.168.0.112,TCP,1466,443,57854,HTTPS
22:13:19,34.54.84.110,192.168.0.112,TCP,1466,443,57854,HTTPS
22:13:19,34.54.84.110,192.168.0.112,TCP,1466,443,57854,HTTPS
22:13:19,34.54.84.110,192.168.0.112,TCP,1466,443,57854,HTTPS
22:13:19,192.168.0.112,34.54.84.110,TCP,74,57854,443,HTTPS
22:13:19,192.168.0.112,34.54.84.110,TCP,66,57854,443,HTTPS
22:13:19,192.168.0.112,34.54.84.110,TCP,66,57854,443,HTTPS
22:13:19,192.168.0.112,34.54.84.110,TCP,66,57854,443,HTTPS
22:13:19,192.168.0.112,34.54.84.110,TCP,54,57854,443,HTTPS
22:13:19,192.168.0.112,34.54.84.110,TCP,102,57854,443,HTTPS
22:13:19,34.54.84.110,192.168.0.112,TCP,1466,443,57854,HTTPS
22:13:19,34.54.84.110,192.168.0.112,TCP,1466,443,57854,HTTPS
22:13:19,192.168.0.112,34.54.84.110,TCP,54,57854,443,HTTPS
22:13:19,192.168.0.112,34.54.84.110,TCP,102,57854,443,HTTPS
22:13:19,192.168.0.112,34.54.84.110,TCP,102,57854,443,HTTPS
22:13:19,192.168.0.112,34.54.84.110,TCP,102,57854,443,HTTPS
22:13:19,34.54.84.110,192.168.0.112,TCP,1466,443,57854,HTTPS
22:13:19,192.168.0.112,34.54.84.110,TCP,66,57854,443,HTTPS
22:13:19,34.54.84.110,192.168.0.112,TCP,1466,443,57854,HTTPS
22:13:19,192.168.0.112,34.54.84.110,TCP,54,57854,443,HTTPS
22:13:19,34.54.84.110,192.168.0.112,TCP,1466,443,57854,HTTPS
22:13:19,192.168.0.112,34.54.84.110,TCP,66,57854,443,HTTPS
22:13:19,34.54.84.110,192.168.0.112,TCP,1466,443,57854,HTTPS
22:13:19,192.168.0.112,34.54.84.110,TCP,66,57854,443,HTTPS
22:13:19,34.54.84.110,192.168.0.112,TCP,1466,443,57854,HTTPS
22:13:19,192.168.0.112,34.54.84.110,TCP,54,57854,443,HTTPS
22:13:19,34.54.84.110,192.168.0.112,TCP,1348,443,57854,HTTPS
22:13:19,34.54.84.110,192.168.0.112,TCP,60,443,57854,HTTPS
22:13:19,192.168.0.112,34.54.84.110,TCP,66,57854,443,HTTPS
22:13:19,34.54.84.110,192.168.0.112,TCP,1466,443,57854,HTTPS
22:13:19,192.168.0.112,34.54.84.110,TCP,54,57854,443,HTTPS
22:13:19,192.168.0.112,34.54.84.110,TCP,93,57854,443,HTTPS
22:13:19,192.168.0.112,34.54.84.110,TCP,102,57854,443,HTTPS
22:13:19,192.168.0.112,34.54.84.110,TCP,102,57854,443,HTTPS
22:13:19,34.54.84.110,192.168.0.112,TCP,60,443,57854,HTTPS
22:13:19,34.54.84.110,192.168.0.112,TCP,60,443,57854,HTTPS
22:13:19,34.54.84.110,192.168.0.112,TCP,60,443,57854,HTTPS
22:13:19,34.54.84.110,192.168.0.112,TCP,60,443,57854,HTTPS
22:13:19,34.54.84.110,192.168.0.112,TCP,60,443,57854,HTTPS
22:13:19,172.64.148.235,192.168.0.112,TCP,82,443,53433,HTTPS
22:13:19,192.168.0.112,172.64.148.235,TCP,82,53433,443,HTTPS
22:13:19,192.168.0.112,20.50.73.8,TCP,173,57278,443,HTTPS
22:13:19,192.168.0.112,20.50.73.8,TCP,1466,57278,443,HTTPS
22:13:19,192.168.0.112,20.50.73.8,TCP,1466,57278,443,HTTPS
22:13:19,192.168.0.112,20.50.73.8,TCP,1466,57278,443,HTTPS
22:13:19,192.168.0.112,20.50.73.8,TCP,1466,57278,443,HTTPS
22:13:19,192.168.0.112,20.50.73.8,TCP,1466,57278,443,HTTPS
22:13:19,192.168.0.112,20.50.73.8,TCP,1466,57278,443,HTTPS
22:13:19,192.168.0.112,20.50.73.8,TCP,1466,57278,443,HTTPS
22:13:19,192.168.0.112,20.50.73.8,TCP,273,57278,443,HTTPS
22:13:19,172.64.148.235,192.168.0.112,TCP,64,443,53433,HTTPS
22:13:19,34.54.84.110,192.168.0.112,TCP,60,443,57854,HTTPS
22:13:19,34.54.84.110,192.168.0.112,TCP,60,443,57854,HTTPS
22:13:19,34.54.84.110,192.168.0.112,TCP,60,443,57854,HTTPS
22:13:20,192.168.0.112,142.251.155.119,UDP,71,54353,443,HTTPS
22:13:20,192.168.0.112,142.251.155.119,UDP,71,62227,443,HTTPS
22:13:20,20.50.73.8,192.168.0.112,TCP,185,443,57278,HTTPS
22:13:20,20.50.73.8,192.168.0.112,TCP,60,443,57278,HTTPS
22:13:20,20.50.73.8,192.168.0.112,TCP,60,443,57278,HTTPS
22:13:20,20.50.73.8,192.168.0.112,TCP,60,443,57278,HTTPS
22:13:20,20.50.73.8,192.168.0.112,TCP,60,443,57278,HTTPS
22:13:20,20.50.73.8,192.168.0.112,TCP,60,443,57278,HTTPS
22:13:20,20.50.73.8,192.168.0.112,TCP,60,443,57278,HTTPS
22:13:20,192.168.0.112,20.50.73.8,TCP,54,57278,443,HTTPS
22:13:20,142.251.155.119,192.168.0.112,UDP,70,443,54353,HTTPS
22:13:20,142.251.155.119,192.168.0.112,UDP,70,443,62227,HTTPS
22:13:20,192.168.0.112,142.250.186.234,TCP,55,55470,443,HTTPS
22:13:20,142.250.186.234,192.168.0.112,TCP,66,443,55470,HTTPS
22:13:20,192.168.0.112,142.250.186.234,TCP,568,55470,443,HTTPS
22:13:20,142.250.186.234,192.168.0.112,TCP,60,443,55470,HTTPS
22:13:21,192.168.0.112,216.239.36.223,TCP,55,65521,443,HTTPS
22:13:21,142.250.186.234,192.168.0.112,TCP,1466,443,55470,HTTPS
22:13:21,142.250.186.234,192.168.0.112,TCP,1466,443,55470,HTTPS
22:13:21,192.168.0.112,142.250.186.234,TCP,54,55470,443,HTTPS
22:13:21,142.250.186.234,192.168.0.112,TCP,1466,443,55470,HTTPS
22:13:21,142.250.186.234,192.168.0.112,TCP,243,443,55470,HTTPS
22:13:21,192.168.0.112,142.250.186.234,TCP,54,55470,443,HTTPS
22:13:21,142.250.186.234,192.168.0.112,TCP,81,443,55470,HTTPS
22:13:21,216.239.36.223,192.168.0.112,TCP,66,443,65521,HTTPS
22:13:21,192.168.0.112,142.250.186.234,TCP,54,55470,443,HTTPS
22:13:21,192.168.0.112,157.240.227.60,TCP,1320,64368,443,HTTPS
22:13:21,192.168.0.112,192.168.0.1,UDP,76,54107,53,DNS
22:13:21,192.168.0.112,192.168.0.1,UDP,76,51289,53,DNS
22:13:21,192.168.0.1,192.168.0.112,UDP,169,53,54107,DNS
22:13:21,192.168.0.1,192.168.0.112,UDP,140,53,51289,DNS
22:13:21,192.168.0.112,157.240.227.60,TCP,66,51638,443,HTTPS
22:13:21,157.240.227.60,192.168.0.112,TCP,60,443,64368,HTTPS
22:13:21,157.240.227.60,192.168.0.112,TCP,66,443,51638,HTTPS
22:13:21,192.168.0.112,157.240.227.60,TCP,54,51638,443,HTTPS
22:13:21,192.168.0.112,157.240.227.60,TCP,1446,51638,443,HTTPS
22:13:21,192.168.0.112,157.240.227.60,TCP,567,51638,443,HTTPS
22:13:21,157.240.227.60,192.168.0.112,TCP,54,443,51638,HTTPS
22:13:21,157.240.227.60,192.168.0.112,TCP,673,443,51638,HTTPS
22:13:21,192.168.0.112,157.240.227.60,TCP,66,51638,443,HTTPS
22:13:21,157.240.227.60,192.168.0.112,TCP,1446,443,51638,HTTPS
22:13:21,192.168.0.112,157.240.227.60,TCP,54,51638,443,HTTPS
22:13:21,192.168.0.112,157.240.227.60,TCP,118,51638,443,HTTPS
22:13:21,192.168.0.112,157.240.227.60,TCP,146,51638,443,HTTPS
22:13:21,192.168.0.112,157.240.227.60,TCP,533,51638,443,HTTPS
22:13:21,192.168.0.112,157.240.227.60,TCP,942,51638,443,HTTPS
22:13:22,157.240.227.60,192.168.0.112,TCP,128,443,51638,HTTPS
22:13:22,192.168.0.112,157.240.227.60,TCP,66,51638,443,HTTPS
22:13:22,157.240.227.60,192.168.0.112,TCP,89,443,51638,HTTPS
22:13:22,192.168.0.112,157.240.227.60,TCP,74,51638,443,HTTPS
22:13:22,157.240.227.60,192.168.0.112,TCP,233,443,51638,HTTPS
22:13:22,192.168.0.112,157.240.227.60,TCP,66,51638,443,HTTPS
22:13:22,192.168.0.112,157.240.227.60,TCP,85,51638,443,HTTPS
22:13:22,157.240.227.60,192.168.0.112,TCP,85,443,51638,HTTPS
22:13:22,192.168.0.112,157.240.227.60,TCP,54,51638,443,HTTPS
22:13:22,157.240.227.60,192.168.0.112,TCP,60,443,51638,HTTPS
22:13:22,192.168.0.112,157.240.227.60,TCP,54,51638,443,HTTPS
22:13:22,157.240.227.60,192.168.0.112,TCP,85,443,51638,HTTPS
22:13:22,192.168.0.112,157.240.227.60,TCP,66,51638,443,HTTPS
22:13:22,157.240.227.60,192.168.0.112,TCP,233,443,51638,HTTPS
22:13:22,157.240.227.60,192.168.0.112,TCP,118,443,64368,HTTPS
22:13:22,192.168.0.112,157.240.227.60,TCP,66,51638,443,HTTPS
22:13:22,192.168.0.112,20.50.73.8,TCP,167,57278,443,HTTPS
22:13:22,192.168.0.112,20.50.73.8,TCP,1466,57278,443,HTTPS
22:13:22,192.168.0.112,20.50.73.8,TCP,1466,57278,443,HTTPS
22:13:22,192.168.0.112,20.50.73.8,TCP,1466,57278,443,HTTPS
22:13:22,192.168.0.112,20.50.73.8,TCP,1466,57278,443,HTTPS
22:13:22,192.168.0.112,20.50.73.8,TCP,1466,57278,443,HTTPS
22:13:22,192.168.0.112,20.50.73.8,TCP,1466,57278,443,HTTPS
22:13:22,192.168.0.112,20.50.73.8,TCP,1466,57278,443,HTTPS
22:13:22,192.168.0.112,20.50.73.8,TCP,273,57278,443,HTTPS
22:13:22,157.240.227.60,192.168.0.112,TCP,60,443,51638,HTTPS
22:13:22,192.168.0.112,157.240.227.60,TCP,54,64368,443,HTTPS
22:13:22,157.240.227.60,192.168.0.112,TCP,520,443,51638,HTTPS
22:13:22,157.240.227.60,192.168.0.112,TCP,88,443,51638,HTTPS
22:13:22,192.168.0.112,157.240.227.60,TCP,54,51638,443,HTTPS
22:13:22,192.168.0.112,157.240.227.60,TCP,89,51638,443,HTTPS
22:13:22,192.168.0.112,192.168.0.1,UDP,79,58151,53,DNS
22:13:22,192.168.0.112,192.168.0.1,UDP,79,54203,53,DNS
22:13:22,192.168.0.1,192.168.0.112,UDP,129,53,58151,DNS
22:13:22,192.168.0.1,192.168.0.112,UDP,95,53,54203,DNS
22:13:22,192.168.0.112,172.253.118.84,UDP,1292,59764,443,HTTPS
22:13:22,192.168.0.112,172.253.118.84,UDP,1292,59764,443,HTTPS
22:13:22,192.168.0.112,172.253.118.84,UDP,122,59764,443,HTTPS
22:13:22,157.240.227.60,192.168.0.112,TCP,60,443,51638,HTTPS
22:13:22,20.50.73.8,192.168.0.112,TCP,60,443,57278,HTTPS
22:13:22,20.50.73.8,192.168.0.112,TCP,60,443,57278,HTTPS
22:13:22,20.50.73.8,192.168.0.112,TCP,60,443,57278,HTTPS
22:13:22,20.50.73.8,192.168.0.112,TCP,185,443,57278,HTTPS
22:13:22,20.50.73.8,192.168.0.112,TCP,60,443,57278,HTTPS
22:13:22,20.50.73.8,192.168.0.112,TCP,60,443,57278,HTTPS
22:13:22,20.50.73.8,192.168.0.112,TCP,60,443,57278,HTTPS
22:13:22,20.50.73.8,192.168.0.112,TCP,60,443,57278,HTTPS
22:13:22,20.50.73.8,192.168.0.112,TCP,60,443,57278,HTTPS
22:13:22,192.168.0.112,20.50.73.8,TCP,54,57278,443,HTTPS
22:13:22,192.168.0.112,172.253.118.84,UDP,1292,59764,443,HTTPS
22:13:22,192.168.0.112,172.253.118.84,UDP,1292,59764,443,HTTPS
22:13:22,192.168.0.112,172.253.118.84,UDP,1292,59764,443,HTTPS
22:13:22,192.168.0.112,172.253.118.84,UDP,1292,59764,443,HTTPS
22:13:22,172.253.118.84,192.168.0.112,UDP,82,443,59764,HTTPS
22:13:22,172.253.118.84,192.168.0.112,UDP,1292,443,59764,HTTPS
22:13:22,172.253.118.84,192.168.0.112,UDP,1292,443,59764,HTTPS
22:13:22,172.253.118.84,192.168.0.112,UDP,322,443,59764,HTTPS
22:13:22,172.253.118.84,192.168.0.112,UDP,994,443,59764,HTTPS
22:13:22,172.253.118.84,192.168.0.112,UDP,67,443,59764,HTTPS
22:13:22,192.168.0.112,172.253.118.84,UDP,120,59764,443,HTTPS
22:13:22,192.168.0.112,172.253.118.84,UDP,73,59764,443,HTTPS
22:13:22,192.168.0.112,172.253.118.84,UDP,954,59764,443,HTTPS
22:13:22,172.253.118.84,192.168.0.112,UDP,1292,443,59764,HTTPS
22:13:22,172.253.118.84,192.168.0.112,UDP,1292,443,59764,HTTPS
22:13:22,172.253.118.84,192.168.0.112,UDP,1292,443,59764,HTTPS
22:13:22,172.253.118.84,192.168.0.112,UDP,1292,443,59764,HTTPS
22:13:22,172.253.118.84,192.168.0.112,UDP,1292,443,59764,HTTPS
22:13:22,172.253.118.84,192.168.0.112,UDP,322,443,59764,HTTPS
22:13:22,192.168.0.112,172.253.118.84,UDP,1041,59764,443,HTTPS
22:13:22,172.253.118.84,192.168.0.112,UDP,163,443,59764,HTTPS
22:13:22,172.253.118.84,192.168.0.112,UDP,71,443,59764,HTTPS
22:13:22,172.253.118.84,192.168.0.112,UDP,606,443,59764,HTTPS
22:13:22,192.168.0.112,172.253.118.84,UDP,76,59764,443,HTTPS
22:13:22,192.168.0.112,172.253.118.84,UDP,75,59764,443,HTTPS
22:13:22,192.168.0.112,172.253.118.84,UDP,79,59764,443,HTTPS
22:13:22,192.168.0.112,172.253.118.84,UDP,83,59764,443,HTTPS
22:13:22,172.253.118.84,192.168.0.112,UDP,63,443,59764,HTTPS
22:13:22,192.168.0.112,172.253.118.84,UDP,76,59764,443,HTTPS
22:13:22,192.168.0.112,157.240.227.60,TCP,178,51638,443,HTTPS
22:13:22,192.168.0.112,157.240.227.60,TCP,942,51638,443,HTTPS
22:13:22,157.240.227.60,192.168.0.112,TCP,60,443,51638,HTTPS
22:13:22,157.240.227.60,192.168.0.112,TCP,89,443,51638,HTTPS
22:13:22,192.168.0.112,157.240.227.60,TCP,54,51638,443,HTTPS
22:13:23,172.253.118.84,192.168.0.112,UDP,67,443,59764,HTTPS
22:13:23,172.253.118.84,192.168.0.112,UDP,65,443,59764,HTTPS
22:13:23,192.168.0.112,157.240.227.60,TCP,942,51638,443,HTTPS
22:13:23,157.240.227.60,192.168.0.112,TCP,279,443,51638,HTTPS
22:13:23,157.240.227.60,192.168.0.112,TCP,88,443,51638,HTTPS
22:13:23,192.168.0.112,157.240.227.60,TCP,54,51638,443,HTTPS
22:13:23,192.168.0.112,157.240.227.60,TCP,89,51638,443,HTTPS
22:13:23,157.240.227.60,192.168.0.112,TCP,60,443,51638,HTTPS
22:13:23,157.240.227.60,192.168.0.112,TCP,60,443,51638,HTTPS
22:13:23,192.168.0.112,172.253.118.84,UDP,83,59764,443,HTTPS
22:13:23,172.253.118.84,192.168.0.112,UDP,65,443,59764,HTTPS
22:13:23,172.253.118.84,192.168.0.112,UDP,67,443,59764,HTTPS
22:13:23,192.168.0.112,172.253.118.84,UDP,75,59764,443,HTTPS
22:13:23,192.168.0.112,157.240.227.60,TCP,179,51638,443,HTTPS
22:13:23,192.168.0.112,157.240.227.60,TCP,942,51638,443,HTTPS
22:13:23,157.240.227.60,192.168.0.112,TCP,60,443,51638,HTTPS
22:13:23,157.240.227.60,192.168.0.112,TCP,60,443,51638,HTTPS
22:13:23,157.240.227.60,192.168.0.112,TCP,89,443,51638,HTTPS
22:13:23,192.168.0.112,157.240.227.60,TCP,54,51638,443,HTTPS
22:13:24,157.240.227.60,192.168.0.112,TCP,257,443,51638,HTTPS
22:13:24,192.168.0.112,157.240.227.60,TCP,89,51638,443,HTTPS
22:13:24,157.240.227.60,192.168.0.112,TCP,60,443,51638,HTTPS
22:13:24,192.168.0.112,20.50.73.8,TCP,173,57278,443,HTTPS
22:13:24,192.168.0.112,20.50.73.8,TCP,1466,57278,443,HTTPS
22:13:24,192.168.0.112,20.50.73.8,TCP,1466,57278,443,HTTPS
22:13:24,192.168.0.112,20.50.73.8,TCP,1466,57278,443,HTTPS
22:13:24,192.168.0.112,20.50.73.8,TCP,1466,57278,443,HTTPS
22:13:24,192.168.0.112,20.50.73.8,TCP,1466,57278,443,HTTPS
22:13:24,192.168.0.112,20.50.73.8,TCP,1466,57278,443,HTTPS
22:13:24,192.168.0.112,20.50.73.8,TCP,1466,57278,443,HTTPS
22:13:24,192.168.0.112,20.50.73.8,TCP,1466,57278,443,HTTPS
22:13:24,192.168.0.112,20.50.73.8,TCP,1466,57278,443,HTTPS
22:13:24,192.168.0.112,20.50.73.8,TCP,327,57278,443,HTTPS
22:13:24,20.50.73.8,192.168.0.112,TCP,60,443,57278,HTTPS
22:13:24,20.50.73.8,192.168.0.112,TCP,225,443,57278,HTTPS
22:13:24,20.50.73.8,192.168.0.112,TCP,60,443,57278,HTTPS
22:13:24,20.50.73.8,192.168.0.112,TCP,60,443,57278,HTTPS
22:13:24,20.50.73.8,192.168.0.112,TCP,60,443,57278,HTTPS
22:13:24,20.50.73.8,192.168.0.112,TCP,60,443,57278,HTTPS
22:13:24,20.50.73.8,192.168.0.112,TCP,60,443,57278,HTTPS
22:13:24,192.168.0.112,20.50.73.8,TCP,89,57278,443,HTTPS
22:13:25,20.50.73.8,192.168.0.112,TCP,60,443,57278,HTTPS
22:13:25,192.168.0.112,18.97.36.77,TCP,295,52718,443,HTTPS
22:13:25,192.168.0.112,157.240.227.60,TCP,173,64368,443,HTTPS
22:13:25,157.240.227.60,192.168.0.112,TCP,60,443,64368,HTTPS
22:13:26,157.240.227.60,192.168.0.112,TCP,309,443,64368,HTTPS
22:13:26,18.97.36.77,192.168.0.112,TCP,64,443,52718,HTTPS
22:13:26,18.97.36.77,192.168.0.112,TCP,176,443,52718,HTTPS
22:13:26,192.168.0.112,157.240.227.60,TCP,177,51638,443,HTTPS
22:13:26,192.168.0.112,157.240.227.60,TCP,942,51638,443,HTTPS
22:13:26,192.168.0.112,157.240.227.60,TCP,54,64368,443,HTTPS
22:13:26,192.168.0.112,18.97.36.77,TCP,54,52718,443,HTTPS
22:13:26,157.240.227.60,192.168.0.112,TCP,60,443,51638,HTTPS
22:13:26,157.240.227.60,192.168.0.112,TCP,89,443,51638,HTTPS
22:13:26,157.240.227.60,192.168.0.112,TCP,60,443,51638,HTTPS
22:13:26,192.168.0.112,157.240.227.60,TCP,54,51638,443,HTTPS
22:13:26,192.168.0.112,20.50.73.8,TCP,54,49739,443,HTTPS
22:13:26,192.168.0.112,20.50.73.8,TCP,54,57278,443,HTTPS
22:13:26,157.240.227.60,192.168.0.112,TCP,88,443,51638,HTTPS
22:13:26,192.168.0.112,157.240.227.60,TCP,66,51638,443,HTTPS
22:13:26,157.240.227.60,192.168.0.112,TCP,278,443,51638,HTTPS
22:13:26,192.168.0.112,157.240.227.60,TCP,54,51638,443,HTTPS
22:13:26,192.168.0.112,157.240.227.60,TCP,89,51638,443,HTTPS
22:13:26,157.240.227.60,192.168.0.112,TCP,60,443,51638,HTTPS
22:13:26,20.50.73.8,192.168.0.112,TCP,54,443,49739,HTTPS
22:13:26,20.50.73.8,192.168.0.112,TCP,54,443,57278,HTTPS
22:13:26,192.168.0.112,20.50.73.8,TCP,54,57278,443,HTTPS
22:13:26,192.168.0.112,20.50.73.8,TCP,66,56103,443,HTTPS
22:13:27,192.168.0.112,20.50.73.8,TCP,66,56048,443,HTTPS
22:13:27,20.50.73.8,192.168.0.112,TCP,66,443,56103,HTTPS
22:13:27,192.168.0.112,20.50.73.8,TCP,54,56103,443,HTTPS
22:13:27,192.168.0.112,20.50.73.8,TCP,1466,56103,443,HTTPS
22:13:27,192.168.0.112,20.50.73.8,TCP,576,56103,443,HTTPS
22:13:27,20.50.73.8,192.168.0.112,TCP,66,443,56048,HTTPS
22:13:27,192.168.0.112,20.50.73.8,TCP,54,56048,443,HTTPS
22:13:27,20.50.73.8,192.168.0.112,TCP,54,443,56103,HTTPS
22:13:27,20.50.73.8,192.168.0.112,TCP,153,443,56103,HTTPS
22:13:27,192.168.0.112,20.50.73.8,TCP,1466,56048,443,HTTPS
22:13:27,192.168.0.112,20.50.73.8,TCP,480,56048,443,HTTPS
22:13:27,192.168.0.112,20.50.73.8,TCP,834,56103,443,HTTPS
22:13:27,20.50.73.8,192.168.0.112,TCP,54,443,56048,HTTPS
22:13:27,20.50.73.8,192.168.0.112,TCP,153,443,56048,HTTPS
22:13:27,20.50.73.8,192.168.0.112,TCP,1466,443,56103,HTTPS
22:13:27,20.50.73.8,192.168.0.112,TCP,1466,443,56103,HTTPS
22:13:27,20.50.73.8,192.168.0.112,TCP,1466,443,56103,HTTPS
22:13:27,20.50.73.8,192.168.0.112,TCP,1466,443,56103,HTTPS
22:13:27,20.50.73.8,192.168.0.112,TCP,665,443,56103,HTTPS
22:13:27,192.168.0.112,20.50.73.8,TCP,54,56103,443,HTTPS
22:13:27,192.168.0.112,20.50.73.8,TCP,738,56048,443,HTTPS
22:13:27,192.168.0.112,20.50.73.8,TCP,128,56103,443,HTTPS
22:13:27,192.168.0.112,20.50.73.8,TCP,146,56103,443,HTTPS
22:13:27,192.168.0.112,20.50.73.8,TCP,482,56103,443,HTTPS
22:13:27,192.168.0.112,20.50.73.8,TCP,1466,56103,443,HTTPS
22:13:27,192.168.0.112,20.50.73.8,TCP,1466,56103,443,HTTPS
22:13:27,192.168.0.112,20.50.73.8,TCP,1466,56103,443,HTTPS
22:13:27,192.168.0.112,20.50.73.8,TCP,1466,56103,443,HTTPS
22:13:27,192.168.0.112,20.50.73.8,TCP,1466,56103,443,HTTPS
22:13:27,192.168.0.112,20.50.73.8,TCP,1466,56103,443,HTTPS
22:13:27,192.168.0.112,20.50.73.8,TCP,1466,56103,443,HTTPS
22:13:27,192.168.0.112,20.50.73.8,TCP,273,56103,443,HTTPS
22:13:28,20.50.73.8,192.168.0.112,TCP,60,443,56103,HTTPS
22:13:28,20.50.73.8,192.168.0.112,TCP,157,443,56103,HTTPS
22:13:28,20.50.73.8,192.168.0.112,TCP,116,443,56103,HTTPS
22:13:28,20.50.73.8,192.168.0.112,TCP,60,443,56103,HTTPS
22:13:28,192.168.0.112,20.50.73.8,TCP,54,56103,443,HTTPS
22:13:28,192.168.0.112,20.50.73.8,TCP,85,56103,443,HTTPS
22:13:28,20.50.73.8,192.168.0.112,TCP,1466,443,56048,HTTPS
22:13:28,20.50.73.8,192.168.0.112,TCP,60,443,56103,HTTPS
22:13:28,20.50.73.8,192.168.0.112,TCP,1466,443,56048,HTTPS
22:13:28,20.50.73.8,192.168.0.112,TCP,1466,443,56048,HTTPS
22:13:28,20.50.73.8,192.168.0.112,TCP,1466,443,56048,HTTPS
22:13:28,20.50.73.8,192.168.0.112,TCP,665,443,56048,HTTPS
22:13:28,20.50.73.8,192.168.0.112,TCP,461,443,56103,HTTPS
22:13:28,20.50.73.8,192.168.0.112,TCP,60,443,56103,HTTPS
22:13:28,20.50.73.8,192.168.0.112,TCP,60,443,56103,HTTPS
22:13:28,20.50.73.8,192.168.0.112,TCP,85,443,56103,HTTPS
22:13:28,192.168.0.112,20.50.73.8,TCP,66,56103,443,HTTPS
22:13:28,192.168.0.112,20.50.73.8,TCP,54,56103,443,HTTPS
22:13:28,192.168.0.112,20.50.73.8,TCP,54,56048,443,HTTPS
22:13:28,192.168.0.112,20.50.73.8,TCP,128,56048,443,HTTPS
22:13:28,20.50.73.8,192.168.0.112,TCP,157,443,56048,HTTPS
22:13:28,20.50.73.8,192.168.0.112,TCP,116,443,56048,HTTPS
22:13:28,20.50.73.8,192.168.0.112,TCP,60,443,56103,HTTPS
22:13:28,192.168.0.112,20.50.73.8,TCP,54,56048,443,HTTPS
22:13:29,192.168.0.112,20.50.73.8,TCP,172,56103,443,HTTPS
22:13:29,192.168.0.112,20.50.73.8,TCP,1466,56103,443,HTTPS
22:13:29,192.168.0.112,20.50.73.8,TCP,1466,56103,443,HTTPS
22:13:29,192.168.0.112,20.50.73.8,TCP,1466,56103,443,HTTPS
22:13:29,192.168.0.112,20.50.73.8,TCP,1466,56103,443,HTTPS
22:13:29,192.168.0.112,20.50.73.8,TCP,1466,56103,443,HTTPS
22:13:29,192.168.0.112,20.50.73.8,TCP,1466,56103,443,HTTPS
22:13:29,192.168.0.112,20.50.73.8,TCP,246,56103,443,HTTPS
22:13:29,20.50.73.8,192.168.0.112,TCP,185,443,56103,HTTPS
22:13:29,20.50.73.8,192.168.0.112,TCP,60,443,56103,HTTPS
22:13:29,20.50.73.8,192.168.0.112,TCP,60,443,56103,HTTPS
22:13:29,20.50.73.8,192.168.0.112,TCP,60,443,56103,HTTPS
22:13:29,20.50.73.8,192.168.0.112,TCP,60,443,56103,HTTPS
22:13:29,20.50.73.8,192.168.0.112,TCP,60,443,56103,HTTPS
22:13:29,20.50.73.8,192.168.0.112,TCP,60,443,56103,HTTPS
22:13:29,192.168.0.112,20.50.73.8,TCP,54,56103,443,HTTPS
22:13:29,192.168.0.112,18.97.36.79,TCP,295,55459,443,HTTPS
22:13:30,18.97.36.79,192.168.0.112,TCP,64,443,55459,HTTPS
22:13:30,18.97.36.79,192.168.0.112,TCP,176,443,55459,HTTPS
22:13:30,192.168.0.112,18.97.36.79,TCP,54,55459,443,HTTPS
22:13:31,192.168.0.112,20.50.73.8,TCP,172,56103,443,HTTPS
22:13:31,192.168.0.112,20.50.73.8,TCP,1466,56103,443,HTTPS
22:13:31,192.168.0.112,20.50.73.8,TCP,1466,56103,443,HTTPS
22:13:31,192.168.0.112,20.50.73.8,TCP,1466,56103,443,HTTPS
22:13:31,192.168.0.112,20.50.73.8,TCP,1466,56103,443,HTTPS
22:13:31,192.168.0.112,20.50.73.8,TCP,192,56103,443,HTTPS
22:13:31,20.50.73.8,192.168.0.112,TCP,60,443,56103,HTTPS
22:13:31,20.50.73.8,192.168.0.112,TCP,60,443,56103,HTTPS
22:13:31,20.50.73.8,192.168.0.112,TCP,60,443,56103,HTTPS
22:13:31,20.50.73.8,192.168.0.112,TCP,185,443,56103,HTTPS
22:13:31,192.168.0.112,20.50.73.8,TCP,54,56103,443,HTTPS
22:13:32,192.168.0.112,142.250.186.234,TCP,55,52218,443,HTTPS
22:13:32,142.250.186.234,192.168.0.112,TCP,66,443,52218,HTTPS
22:13:32,172.64.148.235,192.168.0.112,TCP,82,443,54252,HTTPS
22:13:32,192.168.0.112,172.64.148.235,TCP,82,54252,443,HTTPS
22:13:32,172.64.148.235,192.168.0.112,TCP,64,443,54252,HTTPS
22:13:32,192.168.0.112,157.240.227.60,TCP,119,64368,443,HTTPS
22:13:32,192.168.0.112,157.240.227.60,TCP,137,64368,443,HTTPS
22:13:32,157.240.227.60,192.168.0.112,TCP,60,443,64368,HTTPS
22:13:32,157.240.227.60,192.168.0.112,TCP,60,443,64368,HTTPS
22:13:33,192.168.0.112,20.50.73.8,TCP,172,56103,443,HTTPS
22:13:33,192.168.0.112,20.50.73.8,TCP,1466,56103,443,HTTPS
22:13:33,192.168.0.112,20.50.73.8,TCP,1466,56103,443,HTTPS
22:13:33,192.168.0.112,20.50.73.8,TCP,1466,56103,443,HTTPS
22:13:33,192.168.0.112,20.50.73.8,TCP,1466,56103,443,HTTPS
22:13:33,192.168.0.112,20.50.73.8,TCP,1466,56103,443,HTTPS
22:13:33,192.168.0.112,20.50.73.8,TCP,219,56103,443,HTTPS
22:13:33,20.50.73.8,192.168.0.112,TCP,60,443,56103,HTTPS
22:13:33,20.50.73.8,192.168.0.112,TCP,60,443,56103,HTTPS
22:13:33,20.50.73.8,192.168.0.112,TCP,185,443,56103,HTTPS
22:13:33,20.50.73.8,192.168.0.112,TCP,60,443,56103,HTTPS
22:13:33,192.168.0.112,20.50.73.8,TCP,54,56103,443,HTTPS
22:13:33,192.168.0.112,20.50.73.8,TCP,89,56103,443,HTTPS
22:13:33,192.168.0.112,142.251.38.10,TCP,55,65513,443,HTTPS
22:13:33,142.251.38.10,192.168.0.112,TCP,66,443,65513,HTTPS
22:13:33,192.168.0.112,104.18.0.22,TCP,93,61750,443,HTTPS
22:13:33,20.50.73.8,192.168.0.112,TCP,60,443,56103,HTTPS
22:13:33,104.18.0.22,192.168.0.112,TCP,60,443,61750,HTTPS
22:13:33,104.18.0.22,192.168.0.112,TCP,93,443,61750,HTTPS
22:13:34,192.168.0.112,104.18.0.22,TCP,54,61750,443,HTTPS
22:13:35,192.168.0.1,224.0.0.1,Other,46,-,-,-
22:13:35,192.168.0.1,239.255.255.250,Other,46,-,-,-
22:13:35,192.168.0.112,20.50.73.8,TCP,172,56103,443,HTTPS
22:13:35,192.168.0.112,20.50.73.8,TCP,1466,56103,443,HTTPS
22:13:35,192.168.0.112,20.50.73.8,TCP,1466,56103,443,HTTPS
22:13:35,192.168.0.112,20.50.73.8,TCP,1466,56103,443,HTTPS
22:13:35,192.168.0.112,20.50.73.8,TCP,1466,56103,443,HTTPS
22:13:35,192.168.0.112,20.50.73.8,TCP,1466,56103,443,HTTPS
22:13:35,192.168.0.112,20.50.73.8,TCP,1466,56103,443,HTTPS
22:13:35,192.168.0.112,20.50.73.8,TCP,218,56103,443,HTTPS
22:13:35,20.50.73.8,192.168.0.112,TCP,60,443,56103,HTTPS
22:13:35,20.50.73.8,192.168.0.112,TCP,60,443,56103,HTTPS
22:13:35,20.50.73.8,192.168.0.112,TCP,60,443,56103,HTTPS
22:13:35,20.50.73.8,192.168.0.112,TCP,185,443,56103,HTTPS
22:13:35,20.50.73.8,192.168.0.112,TCP,60,443,56103,HTTPS
22:13:35,192.168.0.112,20.50.73.8,TCP,54,56103,443,HTTPS
22:13:36,192.168.0.112,142.251.155.119,UDP,71,54353,443,HTTPS
22:13:36,192.168.0.112,142.251.155.119,UDP,71,62227,443,HTTPS
22:13:36,142.251.155.119,192.168.0.112,UDP,70,443,62227,HTTPS
22:13:36,142.251.155.119,192.168.0.112,UDP,70,443,54353,HTTPS
22:13:36,192.168.0.112,142.250.186.234,TCP,55,55470,443,HTTPS
22:13:36,192.168.0.112,216.239.36.223,TCP,55,65521,443,HTTPS
22:13:36,192.168.0.112,20.50.73.8,TCP,54,56048,443,HTTPS
22:13:36,192.168.0.112,20.50.73.8,TCP,54,56103,443,HTTPS
22:13:36,142.250.186.234,192.168.0.112,TCP,66,443,55470,HTTPS
22:13:36,216.239.36.223,192.168.0.112,TCP,70,443,65521,HTTPS
22:13:36,20.50.73.8,192.168.0.112,TCP,54,443,56048,HTTPS
22:13:36,20.50.73.8,192.168.0.112,TCP,54,443,56103,HTTPS
22:13:36,192.168.0.112,20.50.73.8,TCP,54,56103,443,HTTPS
22:13:37,192.168.0.112,142.251.155.119,UDP,71,54353,443,HTTPS
22:13:37,192.168.0.112,142.251.155.119,UDP,71,62227,443,HTTPS
22:13:37,142.251.155.119,192.168.0.112,UDP,70,443,54353,HTTPS
22:13:37,142.251.155.119,192.168.0.112,UDP,70,443,62227,HTTPS
22:13:37,192.168.0.112,20.50.73.8,TCP,66,57047,443,HTTPS
22:13:38,192.168.0.112,20.50.73.8,TCP,66,58337,443,HTTPS
22:13:38,20.50.73.8,192.168.0.112,TCP,66,443,57047,HTTPS
22:13:38,192.168.0.112,20.50.73.8,TCP,54,57047,443,HTTPS
22:13:38,192.168.0.112,20.50.73.8,TCP,1466,57047,443,HTTPS
22:13:38,192.168.0.112,20.50.73.8,TCP,512,57047,443,HTTPS
22:13:38,192.168.0.112,224.0.0.251,Other,46,-,-,-
22:13:38,20.50.73.8,192.168.0.112,TCP,66,443,58337,HTTPS
22:13:38,20.50.73.8,192.168.0.112,TCP,54,443,57047,HTTPS
22:13:38,192.168.0.112,20.50.73.8,TCP,54,58337,443,HTTPS
22:13:38,20.50.73.8,192.168.0.112,TCP,153,443,57047,HTTPS
22:13:38,192.168.0.112,20.50.73.8,TCP,1466,58337,443,HTTPS
22:13:38,192.168.0.112,20.50.73.8,TCP,576,58337,443,HTTPS
22:13:38,192.168.0.112,20.50.73.8,TCP,770,57047,443,HTTPS
22:13:38,20.50.73.8,192.168.0.112,TCP,54,443,58337,HTTPS
22:13:38,20.50.73.8,192.168.0.112,TCP,153,443,58337,HTTPS
22:13:38,20.50.73.8,192.168.0.112,TCP,1466,443,57047,HTTPS
22:13:38,20.50.73.8,192.168.0.112,TCP,1466,443,57047,HTTPS
22:13:38,192.168.0.112,20.50.73.8,TCP,54,57047,443,HTTPS
22:13:38,20.50.73.8,192.168.0.112,TCP,1466,443,57047,HTTPS
22:13:38,20.50.73.8,192.168.0.112,TCP,1466,443,57047,HTTPS
22:13:38,20.50.73.8,192.168.0.112,TCP,665,443,57047,HTTPS
22:13:38,192.168.0.112,20.50.73.8,TCP,54,57047,443,HTTPS
22:13:38,192.168.0.112,20.50.73.8,TCP,128,57047,443,HTTPS
22:13:38,192.168.0.112,20.50.73.8,TCP,834,58337,443,HTTPS
22:13:38,192.168.0.112,20.50.73.8,TCP,146,57047,443,HTTPS
22:13:38,192.168.0.112,20.50.73.8,TCP,481,57047,443,HTTPS
22:13:38,192.168.0.112,20.50.73.8,TCP,1466,57047,443,HTTPS
22:13:38,192.168.0.112,20.50.73.8,TCP,1466,57047,443,HTTPS
22:13:38,192.168.0.112,20.50.73.8,TCP,1466,57047,443,HTTPS
22:13:38,192.168.0.112,20.50.73.8,TCP,1466,57047,443,HTTPS
22:13:38,192.168.0.112,20.50.73.8,TCP,1466,57047,443,HTTPS
22:13:38,192.168.0.112,20.50.73.8,TCP,1466,57047,443,HTTPS
22:13:38,192.168.0.112,20.50.73.8,TCP,246,57047,443,HTTPS
22:13:39,20.50.73.8,192.168.0.112,TCP,157,443,57047,HTTPS
22:13:39,20.50.73.8,192.168.0.112,TCP,116,443,57047,HTTPS
22:13:39,192.168.0.112,20.50.73.8,TCP,54,57047,443,HTTPS
22:13:39,192.168.0.112,20.50.73.8,TCP,85,57047,443,HTTPS
22:13:39,20.50.73.8,192.168.0.112,TCP,60,443,57047,HTTPS
22:13:39,20.50.73.8,192.168.0.112,TCP,60,443,57047,HTTPS
22:13:39,20.50.73.8,192.168.0.112,TCP,85,443,57047,HTTPS
22:13:39,20.50.73.8,192.168.0.112,TCP,60,443,57047,HTTPS
22:13:39,20.50.73.8,192.168.0.112,TCP,60,443,57047,HTTPS
22:13:39,20.50.73.8,192.168.0.112,TCP,60,443,57047,HTTPS
22:13:39,20.50.73.8,192.168.0.112,TCP,60,443,57047,HTTPS
22:13:39,20.50.73.8,192.168.0.112,TCP,461,443,57047,HTTPS
22:13:39,20.50.73.8,192.168.0.112,TCP,1466,443,58337,HTTPS
22:13:39,20.50.73.8,192.168.0.112,TCP,1466,443,58337,HTTPS
22:13:39,192.168.0.112,20.50.73.8,TCP,54,57047,443,HTTPS
22:13:39,192.168.0.112,20.50.73.8,TCP,54,58337,443,HTTPS
22:13:39,20.50.73.8,192.168.0.112,TCP,1466,443,58337,HTTPS
22:13:39,20.50.73.8,192.168.0.112,TCP,665,443,58337,HTTPS
22:13:39,20.50.73.8,192.168.0.112,TCP,1466,443,58337,HTTPS
22:13:39,192.168.0.112,20.50.73.8,TCP,66,58337,443,HTTPS
22:13:39,192.168.0.112,20.50.73.8,TCP,54,58337,443,HTTPS
22:13:39,192.168.0.112,20.50.73.8,TCP,128,58337,443,HTTPS
22:13:39,20.50.73.8,192.168.0.112,TCP,157,443,58337,HTTPS
22:13:39,20.50.73.8,192.168.0.112,TCP,116,443,58337,HTTPS
22:13:39,192.168.0.112,20.50.73.8,TCP,54,58337,443,HTTPS
22:13:39,20.50.73.8,192.168.0.112,TCP,60,443,57047,HTTPS
22:13:39,192.168.0.1,239.255.255.250,Other,46,-,-,-
22:13:39,172.64.148.235,192.168.0.112,TCP,82,443,53433,HTTPS
22:13:39,192.168.0.112,172.64.148.235,TCP,82,53433,443,HTTPS
22:13:39,172.64.148.235,192.168.0.112,TCP,64,443,53433,HTTPS
22:13:40,192.168.0.112,20.50.73.8,TCP,167,57047,443,HTTPS
22:13:40,192.168.0.112,20.50.73.8,TCP,1466,57047,443,HTTPS
22:13:40,192.168.0.112,20.50.73.8,TCP,1466,57047,443,HTTPS
22:13:40,192.168.0.112,20.50.73.8,TCP,1466,57047,443,HTTPS
22:13:40,192.168.0.112,20.50.73.8,TCP,1466,57047,443,HTTPS
22:13:40,192.168.0.112,20.50.73.8,TCP,1466,57047,443,HTTPS
22:13:40,192.168.0.112,20.50.73.8,TCP,1466,57047,443,HTTPS
22:13:40,192.168.0.112,20.50.73.8,TCP,246,57047,443,HTTPS
22:13:40,192.168.0.112,142.251.155.119,UDP,71,54353,443,HTTPS
22:13:40,192.168.0.112,142.251.155.119,UDP,71,62227,443,HTTPS
22:13:40,142.251.155.119,192.168.0.112,UDP,70,443,54353,HTTPS
22:13:40,142.251.155.119,192.168.0.112,UDP,70,443,62227,HTTPS
22:13:40,172.64.148.235,192.168.0.112,TCP,99,443,54252,HTTPS
22:13:40,192.168.0.112,172.64.148.235,TCP,99,54252,443,HTTPS
22:13:40,172.64.148.235,192.168.0.112,TCP,64,443,54252,HTTPS
22:13:40,20.50.73.8,192.168.0.112,TCP,60,443,57047,HTTPS
22:13:40,20.50.73.8,192.168.0.112,TCP,60,443,57047,HTTPS
22:13:40,20.50.73.8,192.168.0.112,TCP,185,443,57047,HTTPS
22:13:40,20.50.73.8,192.168.0.112,TCP,60,443,57047,HTTPS
22:13:40,20.50.73.8,192.168.0.112,TCP,60,443,57047,HTTPS
22:13:40,20.50.73.8,192.168.0.112,TCP,60,443,57047,HTTPS
22:13:40,192.168.0.112,20.50.73.8,TCP,54,57047,443,HTTPS
22:13:40,192.168.0.112,142.251.155.119,UDP,71,54353,443,HTTPS
22:13:40,192.168.0.112,142.251.155.119,UDP,71,62227,443,HTTPS
22:13:40,142.251.155.119,192.168.0.112,UDP,70,443,62227,HTTPS
22:13:40,142.251.155.119,192.168.0.112,UDP,70,443,54353,HTTPS
22:13:40,192.168.0.112,157.240.227.60,TCP,137,64368,443,HTTPS
22:13:40,192.168.0.112,142.251.155.119,UDP,71,54353,443,HTTPS
22:13:40,157.240.227.60,192.168.0.112,TCP,60,443,64368,HTTPS
22:13:40,142.251.155.119,192.168.0.112,UDP,70,443,54353,HTTPS
22:13:41,192.168.0.112,157.240.227.60,TCP,119,64368,443,HTTPS
22:13:41,157.240.227.60,192.168.0.112,TCP,60,443,64368,HTTPS
22:13:41,172.64.148.235,192.168.0.112,TCP,82,443,54252,HTTPS
22:13:41,192.168.0.112,172.64.148.235,TCP,54,54252,443,HTTPS
22:13:41,172.64.148.235,192.168.0.112,TCP,58,443,54252,HTTPS
22:13:41,192.168.0.112,172.64.148.235,TCP,54,54252,443,HTTPS
22:13:41,192.168.0.112,224.0.0.252,Other,46,-,-,-
22:13:41,172.64.148.235,192.168.0.112,TCP,64,443,54252,HTTPS
22:13:42,192.168.0.112,20.50.73.8,TCP,171,57047,443,HTTPS
22:13:42,192.168.0.112,20.50.73.8,TCP,1466,57047,443,HTTPS
22:13:42,192.168.0.112,20.50.73.8,TCP,1466,57047,443,HTTPS
22:13:42,192.168.0.112,20.50.73.8,TCP,1466,57047,443,HTTPS
22:13:42,192.168.0.112,20.50.73.8,TCP,1466,57047,443,HTTPS
22:13:42,192.168.0.112,20.50.73.8,TCP,1466,57047,443,HTTPS
22:13:42,192.168.0.112,20.50.73.8,TCP,219,57047,443,HTTPS
22:13:42,20.50.73.8,192.168.0.112,TCP,60,443,57047,HTTPS
22:13:42,20.50.73.8,192.168.0.112,TCP,60,443,57047,HTTPS
22:13:42,20.50.73.8,192.168.0.112,TCP,60,443,57047,HTTPS
22:13:42,20.50.73.8,192.168.0.112,TCP,185,443,57047,HTTPS
22:13:42,192.168.0.112,20.50.73.8,TCP,54,57047,443,HTTPS
22:13:43,34.107.243.93,192.168.0.112,TCP,178,443,53465,HTTPS
22:13:43,192.168.0.112,199.232.113.91,TCP,66,58343,443,HTTPS
22:13:43,192.168.0.112,192.168.0.1,UDP,97,58982,53,DNS
22:13:43,192.168.0.1,192.168.0.112,UDP,149,53,58982,DNS
22:13:43,192.168.0.112,192.168.0.1,UDP,82,58982,53,DNS
22:13:43,192.168.0.1,192.168.0.112,UDP,98,53,58982,DNS
22:13:43,192.168.0.112,192.168.0.1,UDP,82,58982,53,DNS
22:13:43,192.168.0.112,34.107.243.93,TCP,54,53465,443,HTTPS
22:13:43,192.168.0.1,192.168.0.112,UDP,110,53,58982,DNS
22:13:43,199.232.113.91,192.168.0.112,TCP,66,443,58343,HTTPS
22:13:43,192.168.0.112,199.232.113.91,TCP,54,58343,443,HTTPS
22:13:43,192.168.0.112,199.232.113.91,TCP,571,58343,443,HTTPS
22:13:43,199.232.113.91,192.168.0.112,TCP,54,443,58343,HTTPS
22:13:43,199.232.113.91,192.168.0.112,TCP,210,443,58343,HTTPS
22:13:43,192.168.0.112,199.232.113.91,TCP,105,58343,443,HTTPS
22:13:43,192.168.0.112,199.232.113.91,TCP,153,58343,443,HTTPS
22:13:43,192.168.0.112,199.232.113.91,TCP,320,58343,443,HTTPS
22:13:43,199.232.113.91,192.168.0.112,TCP,54,443,58343,HTTPS
22:13:43,199.232.113.91,192.168.0.112,TCP,54,443,58343,HTTPS
22:13:43,199.232.113.91,192.168.0.112,TCP,54,443,58343,HTTPS
22:13:43,199.232.113.91,192.168.0.112,TCP,126,443,58343,HTTPS
22:13:43,199.232.113.91,192.168.0.112,TCP,577,443,58343,HTTPS
22:13:43,199.232.113.91,192.168.0.112,TCP,296,443,58343,HTTPS
22:13:43,192.168.0.112,199.232.113.91,TCP,54,58343,443,HTTPS
22:13:43,192.168.0.112,199.232.113.91,TCP,92,58343,443,HTTPS
22:13:43,199.232.113.91,192.168.0.112,TCP,60,443,58343,HTTPS
22:13:43,192.168.0.112,199.232.113.91,TCP,224,58343,443,HTTPS
22:13:43,199.232.113.91,192.168.0.112,TCP,60,443,58343,HTTPS
22:13:43,199.232.113.91,192.168.0.112,TCP,1466,443,58343,HTTPS
22:13:43,199.232.113.91,192.168.0.112,TCP,1466,443,58343,HTTPS
22:13:43,192.168.0.112,199.232.113.91,TCP,54,58343,443,HTTPS
22:13:43,199.232.113.91,192.168.0.112,TCP,1466,443,58343,HTTPS
22:13:43,199.232.113.91,192.168.0.112,TCP,1450,443,58343,HTTPS
22:13:43,192.168.0.112,199.232.113.91,TCP,54,58343,443,HTTPS
22:13:43,192.168.0.1,224.0.0.1,Other,42,-,-,-
22:13:44,192.168.0.112,34.160.144.191,TCP,66,58345,443,HTTPS
22:13:44,192.168.0.112,192.168.0.1,UDP,95,53020,53,DNS
22:13:44,192.168.0.1,192.168.0.112,UDP,111,53,53020,DNS
22:13:44,157.240.227.60,192.168.0.112,TCP,162,443,64368,HTTPS
22:13:44,192.168.0.112,157.240.227.60,TCP,135,64368,443,HTTPS
22:13:44,34.160.144.191,192.168.0.112,TCP,70,443,58345,HTTPS
22:13:44,192.168.0.112,34.160.144.191,TCP,54,58345,443,HTTPS
22:13:44,192.168.0.112,34.160.144.191,TCP,571,58345,443,HTTPS
22:13:44,157.240.227.60,192.168.0.112,TCP,60,443,64368,HTTPS
22:13:44,192.168.0.112,224.0.0.252,Other,46,-,-,-
22:13:44,192.168.0.112,224.0.0.251,Other,46,-,-,-
22:13:44,192.168.0.112,239.255.255.250,Other,46,-,-,-
22:13:44,34.160.144.191,192.168.0.112,TCP,58,443,58345,HTTPS
22:13:44,192.168.0.112,20.50.73.8,TCP,173,57047,443,HTTPS
22:13:44,192.168.0.112,20.50.73.8,TCP,1466,57047,443,HTTPS
22:13:44,192.168.0.112,20.50.73.8,TCP,1466,57047,443,HTTPS
22:13:44,192.168.0.112,20.50.73.8,TCP,1466,57047,443,HTTPS
22:13:44,192.168.0.112,20.50.73.8,TCP,1466,57047,443,HTTPS
22:13:44,192.168.0.112,20.50.73.8,TCP,1466,57047,443,HTTPS
22:13:44,192.168.0.112,20.50.73.8,TCP,1466,57047,443,HTTPS
22:13:44,192.168.0.112,20.50.73.8,TCP,1466,57047,443,HTTPS
22:13:44,192.168.0.112,20.50.73.8,TCP,273,57047,443,HTTPS
22:13:44,34.160.144.191,192.168.0.112,TCP,214,443,58345,HTTPS
22:13:44,192.168.0.112,34.160.144.191,TCP,105,58345,443,HTTPS
22:13:44,192.168.0.112,34.160.144.191,TCP,153,58345,443,HTTPS
22:13:44,34.160.144.191,192.168.0.112,TCP,58,443,58345,HTTPS
22:13:44,34.160.144.191,192.168.0.112,TCP,58,443,58345,HTTPS
22:13:44,34.160.144.191,192.168.0.112,TCP,127,443,58345,HTTPS
22:13:44,34.160.144.191,192.168.0.112,TCP,96,443,58345,HTTPS
22:13:44,192.168.0.112,34.160.144.191,TCP,54,58345,443,HTTPS
22:13:44,192.168.0.112,34.160.144.191,TCP,92,58345,443,HTTPS
22:13:44,20.50.73.8,192.168.0.112,TCP,60,443,57047,HTTPS
22:13:44,20.50.73.8,192.168.0.112,TCP,185,443,57047,HTTPS
22:13:44,20.50.73.8,192.168.0.112,TCP,60,443,57047,HTTPS
22:13:44,20.50.73.8,192.168.0.112,TCP,60,443,57047,HTTPS
22:13:44,20.50.73.8,192.168.0.112,TCP,60,443,57047,HTTPS
22:13:44,20.50.73.8,192.168.0.112,TCP,60,443,57047,HTTPS
22:13:44,20.50.73.8,192.168.0.112,TCP,60,443,57047,HTTPS
22:13:44,192.168.0.112,20.50.73.8,TCP,89,57047,443,HTTPS
22:13:44,192.168.0.112,34.160.144.191,TCP,92,58345,443,HTTPS
22:13:44,20.50.73.8,192.168.0.112,TCP,60,443,57047,HTTPS
22:13:44,192.168.0.112,142.251.155.119,UDP,71,62227,443,HTTPS
22:13:44,34.160.144.191,192.168.0.112,TCP,70,443,58345,HTTPS
22:13:45,142.251.155.119,192.168.0.112,UDP,75,443,62227,HTTPS
22:13:45,192.168.0.112,142.251.155.119,UDP,74,62227,443,HTTPS
22:13:45,192.168.0.112,142.251.155.119,UDP,71,62227,443,HTTPS
22:13:45,142.251.155.119,192.168.0.112,UDP,70,443,62227,HTTPS
22:13:45,192.168.0.112,142.251.155.119,UDP,71,54353,443,HTTPS
22:13:45,142.251.155.119,192.168.0.112,UDP,70,443,54353,HTTPS
22:13:45,192.168.0.112,192.168.0.1,UDP,71,58824,53,DNS
22:13:45,192.168.0.112,192.168.0.1,UDP,71,55814,53,DNS
22:13:45,192.168.0.1,192.168.0.112,UDP,132,53,58824,DNS
22:13:45,192.168.0.1,192.168.0.112,UDP,103,53,55814,DNS
22:13:45,192.168.0.112,172.64.155.209,UDP,1292,64603,443,HTTPS
22:13:45,192.168.0.112,172.64.155.209,UDP,1292,64603,443,HTTPS
22:13:45,172.64.155.209,192.168.0.112,UDP,1246,443,64603,HTTPS
22:13:45,172.64.155.209,192.168.0.112,UDP,1246,443,64603,HTTPS
22:13:45,172.64.155.209,192.168.0.112,UDP,1246,443,64603,HTTPS
22:13:45,192.168.0.112,172.64.155.209,UDP,1292,64603,443,HTTPS
22:13:46,172.64.155.209,192.168.0.112,UDP,1246,443,64603,HTTPS
22:13:46,172.64.155.209,192.168.0.112,UDP,1062,443,64603,HTTPS
22:13:46,192.168.0.112,172.64.155.209,UDP,93,64603,443,HTTPS
22:13:46,192.168.0.112,172.64.155.209,UDP,127,64603,443,HTTPS
22:13:46,192.168.0.112,172.64.155.209,UDP,126,64603,443,HTTPS
22:13:46,192.168.0.112,172.64.155.209,UDP,1292,64603,443,HTTPS
22:13:46,192.168.0.112,172.64.155.209,UDP,1292,64603,443,HTTPS
22:13:46,192.168.0.112,172.64.155.209,UDP,1292,64603,443,HTTPS
22:13:46,192.168.0.112,172.64.155.209,UDP,1292,64603,443,HTTPS
22:13:46,192.168.0.112,172.64.155.209,UDP,1292,64603,443,HTTPS
22:13:46,192.168.0.112,172.64.155.209,UDP,1292,64603,443,HTTPS
22:13:46,192.168.0.112,172.64.155.209,UDP,1292,64603,443,HTTPS
22:13:46,192.168.0.112,172.64.155.209,UDP,875,64603,443,HTTPS
22:13:46,172.64.155.209,192.168.0.112,UDP,574,443,64603,HTTPS
22:13:46,172.64.155.209,192.168.0.112,UDP,69,443,64603,HTTPS
22:13:46,172.64.155.209,192.168.0.112,UDP,69,443,64603,HTTPS
22:13:46,172.64.155.209,192.168.0.112,UDP,69,443,64603,HTTPS
22:13:46,192.168.0.112,172.64.155.209,UDP,89,64603,443,HTTPS
22:13:46,192.168.0.112,172.64.155.209,UDP,1292,64603,443,HTTPS
22:13:46,172.64.155.209,192.168.0.112,UDP,71,443,64603,HTTPS
22:13:46,192.168.0.112,142.251.168.188,TCP,55,56714,443,HTTPS
22:13:46,172.64.155.209,192.168.0.112,UDP,78,443,64603,HTTPS
22:13:46,192.168.0.112,172.64.155.209,UDP,85,64603,443,HTTPS
22:13:46,172.64.155.209,192.168.0.112,UDP,75,443,64603,HTTPS
22:13:46,172.64.155.209,192.168.0.112,UDP,95,443,64603,HTTPS
22:13:46,192.168.0.112,172.64.155.209,UDP,89,64603,443,HTTPS
22:13:46,172.64.155.209,192.168.0.112,UDP,74,443,64603,HTTPS
22:13:46,192.168.0.112,172.64.155.209,UDP,86,64603,443,HTTPS
22:13:46,142.251.168.188,192.168.0.112,TCP,66,443,56714,HTTPS
22:13:46,192.168.0.112,20.50.73.8,TCP,54,58337,443,HTTPS
22:13:46,192.168.0.112,20.50.73.8,TCP,54,57047,443,HTTPS
22:13:46,192.168.0.112,20.50.73.8,TCP,66,49814,443,HTTPS
22:13:46,20.50.73.8,192.168.0.112,TCP,54,443,57047,HTTPS
22:13:46,20.50.73.8,192.168.0.112,TCP,54,443,58337,HTTPS
22:13:46,20.50.73.8,192.168.0.112,TCP,66,443,49814,HTTPS
22:13:46,192.168.0.112,20.50.73.8,TCP,54,57047,443,HTTPS
22:13:46,192.168.0.112,20.50.73.8,TCP,54,49814,443,HTTPS
22:13:46,192.168.0.112,20.50.73.8,TCP,1466,49814,443,HTTPS
22:13:46,192.168.0.112,20.50.73.8,TCP,480,49814,443,HTTPS
22:13:46,172.64.155.209,192.168.0.112,UDP,1035,443,64603,HTTPS
22:13:46,20.50.73.8,192.168.0.112,TCP,54,443,49814,HTTPS
22:13:46,20.50.73.8,192.168.0.112,TCP,153,443,49814,HTTPS
22:13:46,192.168.0.112,20.50.73.8,TCP,738,49814,443,HTTPS
22:13:46,192.168.0.112,172.64.155.209,UDP,86,64603,443,HTTPS
22:13:46,172.64.155.209,192.168.0.112,UDP,1043,443,64603,HTTPS
22:13:46,192.168.0.112,192.168.0.1,UDP,74,57695,53,DNS
22:13:46,192.168.0.112,192.168.0.1,UDP,74,55105,53,DNS
22:13:46,192.168.0.1,192.168.0.112,UDP,147,53,57695,DNS
22:13:46,192.168.0.1,192.168.0.112,UDP,106,53,55105,DNS
22:13:46,192.168.0.112,104.18.39.21,TCP,66,53335,443,HTTPS
22:13:46,192.168.0.112,172.64.155.209,UDP,86,64603,443,HTTPS
22:13:46,104.18.39.21,192.168.0.112,TCP,70,443,53335,HTTPS
22:13:46,192.168.0.112,104.18.39.21,TCP,54,53335,443,HTTPS
22:13:46,192.168.0.112,104.18.39.21,TCP,1454,53335,443,HTTPS
22:13:46,192.168.0.112,104.18.39.21,TCP,701,53335,443,HTTPS
22:13:46,104.18.39.21,192.168.0.112,TCP,58,443,53335,HTTPS
22:13:46,104.18.39.21,192.168.0.112,TCP,58,443,53335,HTTPS
22:13:46,104.18.39.21,192.168.0.112,TCP,1439,443,53335,HTTPS
22:13:46,192.168.0.112,104.18.39.21,TCP,118,53335,443,HTTPS
22:13:46,192.168.0.112,104.18.39.21,TCP,1454,53335,443,HTTPS
22:13:46,192.168.0.112,104.18.39.21,TCP,1454,53335,443,HTTPS
22:13:46,192.168.0.112,104.18.39.21,TCP,1454,53335,443,HTTPS
22:13:46,192.168.0.112,104.18.39.21,TCP,1454,53335,443,HTTPS
22:13:46,192.168.0.112,104.18.39.21,TCP,1454,53335,443,HTTPS
22:13:46,192.168.0.112,104.18.39.21,TCP,690,53335,443,HTTPS
22:13:46,104.18.39.21,192.168.0.112,TCP,64,443,53335,HTTPS
22:13:46,104.18.39.21,192.168.0.112,TCP,64,443,53335,HTTPS
22:13:46,104.18.39.21,192.168.0.112,TCP,64,443,53335,HTTPS
22:13:47,20.50.73.8,192.168.0.112,TCP,1466,443,49814,HTTPS
22:13:47,20.50.73.8,192.168.0.112,TCP,665,443,49814,HTTPS
22:13:47,192.168.0.112,20.50.73.8,TCP,66,49814,443,HTTPS
22:13:47,192.168.0.112,20.50.73.8,TCP,74,49814,443,HTTPS
22:13:47,20.50.73.8,192.168.0.112,TCP,1466,443,49814,HTTPS
22:13:47,20.50.73.8,192.168.0.112,TCP,1466,443,49814,HTTPS
22:13:47,20.50.73.8,192.168.0.112,TCP,1466,443,49814,HTTPS
22:13:47,192.168.0.112,20.50.73.8,TCP,66,49814,443,HTTPS
22:13:47,192.168.0.112,20.50.73.8,TCP,66,49814,443,HTTPS
22:13:47,192.168.0.112,20.50.73.8,TCP,54,49814,443,HTTPS
22:13:47,192.168.0.112,20.50.73.8,TCP,128,49814,443,HTTPS
22:13:47,192.168.0.112,20.50.73.8,TCP,146,49814,443,HTTPS
22:13:47,192.168.0.112,20.50.73.8,TCP,482,49814,443,HTTPS
22:13:47,192.168.0.112,20.50.73.8,TCP,1466,49814,443,HTTPS
22:13:47,192.168.0.112,20.50.73.8,TCP,1466,49814,443,HTTPS
22:13:47,192.168.0.112,20.50.73.8,TCP,1466,49814,443,HTTPS
22:13:47,192.168.0.112,20.50.73.8,TCP,1466,49814,443,HTTPS
22:13:47,192.168.0.112,20.50.73.8,TCP,1466,49814,443,HTTPS
22:13:47,192.168.0.112,20.50.73.8,TCP,1466,49814,443,HTTPS
22:13:47,192.168.0.112,20.50.73.8,TCP,1466,49814,443,HTTPS
22:13:47,192.168.0.112,20.50.73.8,TCP,1466,49814,443,HTTPS
22:13:47,192.168.0.112,20.50.73.8,TCP,300,49814,443,HTTPS
22:13:47,20.50.73.8,192.168.0.112,TCP,461,443,49814,HTTPS
22:13:47,192.168.0.112,20.50.73.8,TCP,66,49814,443,HTTPS
22:13:47,192.168.0.112,142.250.186.234,TCP,55,52218,443,HTTPS
22:13:47,142.250.186.234,192.168.0.112,TCP,70,443,52218,HTTPS
22:13:47,104.18.39.21,192.168.0.112,TCP,1470,443,53335,HTTPS
22:13:47,104.18.39.21,192.168.0.112,TCP,212,443,53335,HTTPS
22:13:47,192.168.0.112,104.18.39.21,TCP,54,53335,443,HTTPS
22:13:47,192.168.0.112,104.18.39.21,TCP,86,53335,443,HTTPS
22:13:47,192.168.0.112,104.18.39.21,TCP,220,53335,443,HTTPS
22:13:47,104.18.39.21,192.168.0.112,TCP,64,443,53335,HTTPS
22:13:47,20.50.73.8,192.168.0.112,TCP,657,443,49814,HTTPS
22:13:47,192.168.0.112,20.50.73.8,TCP,66,49814,443,HTTPS
22:13:47,192.168.0.112,20.50.73.8,TCP,85,49814,443,HTTPS
22:13:47,104.18.39.21,192.168.0.112,TCP,226,443,53335,HTTPS
22:13:47,192.168.0.112,104.18.39.21,TCP,54,53335,443,HTTPS
22:13:47,192.168.0.112,157.240.227.60,TCP,124,64368,443,HTTPS
22:13:47,157.240.227.60,192.168.0.112,TCP,60,443,64368,HTTPS
22:13:48,20.50.73.8,192.168.0.112,TCP,60,443,49814,HTTPS
22:13:48,157.240.227.60,192.168.0.112,TCP,126,443,64368,HTTPS
22:13:48,192.168.0.112,157.240.227.60,TCP,54,64368,443,HTTPS
22:13:48,192.168.0.112,192.168.0.1,UDP,93,64612,53,DNS
22:13:48,192.168.0.112,192.168.0.1,UDP,93,57186,53,DNS
22:13:48,192.168.0.112,20.50.73.8,TCP,172,49814,443,HTTPS
22:13:48,192.168.0.112,20.50.73.8,TCP,1466,49814,443,HTTPS
22:13:48,192.168.0.112,20.50.73.8,TCP,1466,49814,443,HTTPS
22:13:48,192.168.0.112,20.50.73.8,TCP,1466,49814,443,HTTPS
22:13:48,192.168.0.112,20.50.73.8,TCP,1466,49814,443,HTTPS
22:13:48,192.168.0.112,20.50.73.8,TCP,1466,49814,443,HTTPS
22:13:48,192.168.0.112,20.50.73.8,TCP,1466,49814,443,HTTPS
22:13:48,192.168.0.112,20.50.73.8,TCP,246,49814,443,HTTPS
22:13:48,192.168.0.1,192.168.0.112,UDP,275,53,64612,DNS
22:13:48,192.168.0.1,192.168.0.112,UDP,215,53,57186,DNS
22:13:48,20.50.73.8,192.168.0.112,TCP,60,443,49814,HTTPS
22:13:48,20.50.73.8,192.168.0.112,TCP,60,443,49814,HTTPS
22:13:48,20.50.73.8,192.168.0.112,TCP,185,443,49814,HTTPS
22:13:48,20.50.73.8,192.168.0.112,TCP,60,443,49814,HTTPS
22:13:48,20.50.73.8,192.168.0.112,TCP,60,443,49814,HTTPS
22:13:48,192.168.0.112,20.50.73.8,TCP,54,49814,443,HTTPS
22:13:48,192.168.0.112,20.50.73.8,TCP,54,49814,443,HTTPS
22:13:48,192.168.0.112,142.251.38.10,TCP,55,65513,443,HTTPS
22:13:48,142.251.38.10,192.168.0.112,TCP,70,443,65513,HTTPS
22:13:49,157.240.227.60,192.168.0.112,TCP,119,443,64368,HTTPS
22:13:49,192.168.0.112,157.240.227.60,TCP,54,64368,443,HTTPS
